-- MySQL dump 10.13  Distrib 8.0.34, for Win64 (x86_64)
--
-- Host: socon.ch0qyikg8x7u.ap-northeast-2.rds.amazonaws.com    Database: boongbang_socon
-- ------------------------------------------------------
-- Server version	8.0.33

/*!40101 SET @OLD_CHARACTER_SET_CLIENT=@@CHARACTER_SET_CLIENT */;
/*!40101 SET @OLD_CHARACTER_SET_RESULTS=@@CHARACTER_SET_RESULTS */;
/*!40101 SET @OLD_COLLATION_CONNECTION=@@COLLATION_CONNECTION */;
/*!50503 SET NAMES utf8 */;
/*!40103 SET @OLD_TIME_ZONE=@@TIME_ZONE */;
/*!40103 SET TIME_ZONE='+00:00' */;
/*!40014 SET @OLD_UNIQUE_CHECKS=@@UNIQUE_CHECKS, UNIQUE_CHECKS=0 */;
/*!40014 SET @OLD_FOREIGN_KEY_CHECKS=@@FOREIGN_KEY_CHECKS, FOREIGN_KEY_CHECKS=0 */;
/*!40101 SET @OLD_SQL_MODE=@@SQL_MODE, SQL_MODE='NO_AUTO_VALUE_ON_ZERO' */;
/*!40111 SET @OLD_SQL_NOTES=@@SQL_NOTES, SQL_NOTES=0 */;
SET @MYSQLDUMP_TEMP_LOG_BIN = @@SESSION.SQL_LOG_BIN;
SET @@SESSION.SQL_LOG_BIN= 0;

--
-- GTID state at the beginning of the backup 
--

SET @@GLOBAL.GTID_PURGED=/*!80000 '+'*/ '';

--
-- Table structure for table `BUSINESS_HOUR`
--

DROP TABLE IF EXISTS `BUSINESS_HOUR`;
/*!40101 SET @saved_cs_client     = @@character_set_client */;
/*!50503 SET character_set_client = utf8mb4 */;
CREATE TABLE `BUSINESS_HOUR` (
  `business_hour_id` int NOT NULL AUTO_INCREMENT,
  `breaktime_end` time(6) DEFAULT NULL,
  `breaktime_start` time(6) DEFAULT NULL,
  `close_at` time(6) DEFAULT NULL,
  `day` varchar(255) NOT NULL,
  `is_breaktime` tinyint(1) NOT NULL DEFAULT '0',
  `is_working` tinyint(1) NOT NULL DEFAULT '0',
  `open_at` time(6) DEFAULT NULL,
  `store_id` int NOT NULL,
  PRIMARY KEY (`business_hour_id`),
  KEY `FK6edwfpyad9s5gyuq3n9jw97my` (`store_id`),
  CONSTRAINT `FK6edwfpyad9s5gyuq3n9jw97my` FOREIGN KEY (`store_id`) REFERENCES `STORE` (`store_id`)
) ENGINE=InnoDB AUTO_INCREMENT=279 DEFAULT CHARSET=utf8mb4 COLLATE=utf8mb4_0900_ai_ci;
/*!40101 SET character_set_client = @saved_cs_client */;

--
-- Dumping data for table `BUSINESS_HOUR`
--

LOCK TABLES `BUSINESS_HOUR` WRITE;
/*!40000 ALTER TABLE `BUSINESS_HOUR` DISABLE KEYS */;
INSERT INTO `BUSINESS_HOUR` VALUES (1,'18:00:00.000000','17:00:00.000000','23:00:00.000000','SUN',1,1,'10:00:00.000000',23),(2,'18:00:00.000000','17:00:00.000000','23:00:00.000000','MON',1,1,'10:00:00.000000',23),(3,'18:00:00.000000','17:00:00.000000','23:00:00.000000','TUE',1,1,'10:00:00.000000',23),(4,'18:00:00.000000','17:00:00.000000','23:00:00.000000','WED',1,1,'10:00:00.000000',23),(5,NULL,NULL,'23:00:00.000000','THU',0,1,'10:00:00.000000',23),(6,NULL,NULL,NULL,'FRI',0,0,NULL,23),(7,NULL,NULL,NULL,'SAT',0,0,NULL,23),(8,'18:00:00.000000','17:00:00.000000','23:00:00.000000','SUN',1,1,'10:00:00.000000',24),(9,'18:00:00.000000','17:00:00.000000','23:00:00.000000','MON',1,1,'10:00:00.000000',24),(10,'18:00:00.000000','17:00:00.000000','23:00:00.000000','TUE',1,1,'10:00:00.000000',24),(11,'18:00:00.000000','17:00:00.000000','23:00:00.000000','WED',1,1,'10:00:00.000000',24),(12,NULL,NULL,'23:00:00.000000','THU',0,1,'10:00:00.000000',24),(13,NULL,NULL,NULL,'FRI',0,0,NULL,24),(14,NULL,NULL,NULL,'SAT',0,0,NULL,24),(15,'18:00:00.000000','17:00:00.000000','23:00:00.000000','SUN',1,1,'10:00:00.000000',25),(16,'18:00:00.000000','17:00:00.000000','23:00:00.000000','MON',1,1,'10:00:00.000000',25),(17,'18:00:00.000000','17:00:00.000000','23:00:00.000000','TUE',1,1,'10:00:00.000000',25),(18,'18:00:00.000000','17:00:00.000000','23:00:00.000000','WED',1,1,'10:00:00.000000',25),(19,NULL,NULL,'23:00:00.000000','THU',0,1,'10:00:00.000000',25),(20,NULL,NULL,NULL,'FRI',0,0,NULL,25),(21,'17:00:00.000000','15:00:00.000000','00:00:00.000000','SAT',1,1,'13:00:00.000000',25),(22,NULL,NULL,'13:00:00.000000','월',0,1,'11:00:00.000000',28),(23,NULL,NULL,'13:00:00.000000','화',0,1,'11:00:00.000000',28),(24,NULL,NULL,'13:00:00.000000','수',0,1,'11:00:00.000000',28),(25,NULL,NULL,'13:00:00.000000','목',0,1,'11:00:00.000000',28),(26,NULL,NULL,'13:00:00.000000','금',0,1,'11:00:00.000000',28),(27,NULL,NULL,NULL,'토',0,0,NULL,28),(28,NULL,NULL,NULL,'일',0,0,NULL,28),(29,NULL,NULL,'12:30:00.000000','월',0,1,'10:30:00.000000',29),(30,NULL,NULL,'12:30:00.000000','화',0,1,'10:30:00.000000',29),(31,NULL,NULL,'12:30:00.000000','수',0,1,'10:30:00.000000',29),(32,NULL,NULL,NULL,'목',0,0,NULL,29),(33,NULL,NULL,NULL,'금',0,0,NULL,29),(34,NULL,NULL,NULL,'토',0,0,NULL,29),(35,NULL,NULL,NULL,'일',0,0,NULL,29),(36,NULL,NULL,'12:00:00.000000','월',0,1,'10:30:00.000000',30),(37,NULL,NULL,'12:00:00.000000','화',0,1,'10:30:00.000000',30),(38,NULL,NULL,'12:00:00.000000','수',0,1,'10:30:00.000000',30),(39,NULL,NULL,'12:00:00.000000','목',0,1,'10:30:00.000000',30),(40,NULL,NULL,NULL,'금',0,0,NULL,30),(41,NULL,NULL,NULL,'토',0,0,NULL,30),(42,NULL,NULL,NULL,'일',0,0,NULL,30),(43,NULL,NULL,'21:00:00.000000','월',0,1,'19:00:00.000000',31),(44,NULL,NULL,'21:00:00.000000','화',0,1,'19:00:00.000000',31),(45,NULL,NULL,'21:00:00.000000','수',0,1,'19:00:00.000000',31),(46,NULL,NULL,'21:00:00.000000','목',0,1,'19:00:00.000000',31),(47,NULL,NULL,'23:00:00.000000','금',0,1,'21:30:00.000000',31),(48,NULL,NULL,'23:00:00.000000','토',0,1,'21:30:00.000000',31),(49,NULL,NULL,'23:00:00.000000','일',0,1,'21:30:00.000000',31),(50,NULL,NULL,NULL,'월',0,0,NULL,32),(51,NULL,NULL,NULL,'화',0,0,NULL,32),(52,NULL,NULL,NULL,'수',0,0,NULL,32),(53,NULL,NULL,NULL,'목',0,0,NULL,32),(54,NULL,NULL,NULL,'금',0,0,NULL,32),(55,NULL,NULL,NULL,'토',0,0,NULL,32),(56,NULL,NULL,NULL,'일',0,0,NULL,32),(57,NULL,NULL,NULL,'월',0,0,NULL,33),(58,NULL,NULL,NULL,'화',0,0,NULL,33),(59,NULL,NULL,NULL,'수',0,0,NULL,33),(60,NULL,NULL,NULL,'목',0,0,NULL,33),(61,NULL,NULL,NULL,'금',0,0,NULL,33),(62,NULL,NULL,NULL,'토',0,0,NULL,33),(63,NULL,NULL,NULL,'일',0,0,NULL,33),(64,'18:00:00.000000','17:00:00.000000','23:00:00.000000','SUN',1,1,'10:00:00.000000',34),(65,'18:00:00.000000','17:00:00.000000','23:00:00.000000','MON',1,1,'10:00:00.000000',34),(66,'18:00:00.000000','17:00:00.000000','23:00:00.000000','TUE',1,1,'10:00:00.000000',34),(67,'18:00:00.000000','17:00:00.000000','23:00:00.000000','WED',1,1,'10:00:00.000000',34),(68,NULL,NULL,'23:00:00.000000','THU',0,1,'10:00:00.000000',34),(69,NULL,NULL,NULL,'FRI',0,0,NULL,34),(70,NULL,NULL,NULL,'SAT',0,0,NULL,34),(71,'18:00:00.000000','17:00:00.000000','23:00:00.000000','SUN',1,1,'10:00:00.000000',35),(72,'18:00:00.000000','17:00:00.000000','23:00:00.000000','MON',1,1,'10:00:00.000000',35),(73,'18:00:00.000000','17:00:00.000000','23:00:00.000000','TUE',1,1,'10:00:00.000000',35),(74,'18:00:00.000000','17:00:00.000000','23:00:00.000000','WED',1,1,'10:00:00.000000',35),(75,NULL,NULL,'23:00:00.000000','THU',0,1,'10:00:00.000000',35),(76,NULL,NULL,NULL,'FRI',0,0,NULL,35),(77,NULL,NULL,NULL,'SAT',0,0,NULL,35),(78,'18:00:00.000000','17:00:00.000000','23:00:00.000000','SUN',1,1,'10:00:00.000000',36),(79,'18:00:00.000000','17:00:00.000000','23:00:00.000000','MON',1,1,'10:00:00.000000',36),(80,'18:00:00.000000','17:00:00.000000','23:00:00.000000','TUE',1,1,'10:00:00.000000',36),(81,'18:00:00.000000','17:00:00.000000','23:00:00.000000','WED',1,1,'10:00:00.000000',36),(82,NULL,NULL,'23:00:00.000000','THU',0,1,'10:00:00.000000',36),(83,NULL,NULL,NULL,'FRI',0,0,NULL,36),(84,NULL,NULL,NULL,'SAT',0,0,NULL,36),(85,'18:00:00.000000','17:00:00.000000','23:00:00.000000','SUN',1,1,'10:00:00.000000',37),(86,'18:00:00.000000','17:00:00.000000','23:00:00.000000','MON',1,1,'10:00:00.000000',37),(87,'18:00:00.000000','17:00:00.000000','23:00:00.000000','TUE',1,1,'10:00:00.000000',37),(88,'18:00:00.000000','17:00:00.000000','23:00:00.000000','WED',1,1,'10:00:00.000000',37),(89,NULL,NULL,'23:00:00.000000','THU',0,1,'10:00:00.000000',37),(90,NULL,NULL,NULL,'FRI',0,0,NULL,37),(91,NULL,NULL,NULL,'SAT',0,0,NULL,37),(92,'18:00:00.000000','17:00:00.000000','23:00:00.000000','SUN',1,1,'10:00:00.000000',38),(93,'18:00:00.000000','17:00:00.000000','23:00:00.000000','MON',1,1,'10:00:00.000000',38),(94,'18:00:00.000000','17:00:00.000000','23:00:00.000000','TUE',1,1,'10:00:00.000000',38),(95,'18:00:00.000000','17:00:00.000000','23:00:00.000000','WED',1,1,'10:00:00.000000',38),(96,NULL,NULL,'23:00:00.000000','THU',0,1,'10:00:00.000000',38),(97,NULL,NULL,NULL,'FRI',0,0,NULL,38),(98,NULL,NULL,NULL,'SAT',0,0,NULL,38),(99,'18:00:00.000000','17:00:00.000000','23:00:00.000000','SUN',1,1,'10:00:00.000000',39),(100,'18:00:00.000000','17:00:00.000000','23:00:00.000000','MON',1,1,'10:00:00.000000',39),(101,'18:00:00.000000','17:00:00.000000','23:00:00.000000','TUE',1,1,'10:00:00.000000',39),(102,'18:00:00.000000','17:00:00.000000','23:00:00.000000','WED',1,1,'10:00:00.000000',39),(103,NULL,NULL,'23:00:00.000000','THU',0,1,'10:00:00.000000',39),(104,NULL,NULL,NULL,'FRI',0,0,NULL,39),(105,NULL,NULL,NULL,'SAT',0,0,NULL,39),(106,'18:00:00.000000','17:00:00.000000','23:00:00.000000','SUN',1,1,'10:00:00.000000',40),(107,'18:00:00.000000','17:00:00.000000','23:00:00.000000','MON',1,1,'10:00:00.000000',40),(108,'18:00:00.000000','17:00:00.000000','23:00:00.000000','TUE',1,1,'10:00:00.000000',40),(109,'18:00:00.000000','17:00:00.000000','23:00:00.000000','WED',1,1,'10:00:00.000000',40),(110,NULL,NULL,'23:00:00.000000','THU',0,1,'10:00:00.000000',40),(111,NULL,NULL,NULL,'FRI',0,0,NULL,40),(112,NULL,NULL,NULL,'SAT',0,0,NULL,40),(113,'18:00:00.000000','17:00:00.000000','23:00:00.000000','SUN',1,1,'10:00:00.000000',41),(114,'18:00:00.000000','17:00:00.000000','23:00:00.000000','MON',1,1,'10:00:00.000000',41),(115,'18:00:00.000000','17:00:00.000000','23:00:00.000000','TUE',1,1,'10:00:00.000000',41),(116,'18:00:00.000000','17:00:00.000000','23:00:00.000000','WED',1,1,'10:00:00.000000',41),(117,NULL,NULL,'23:00:00.000000','THU',0,1,'10:00:00.000000',41),(118,NULL,NULL,NULL,'FRI',0,0,NULL,41),(119,NULL,NULL,NULL,'SAT',0,0,NULL,41),(120,'18:00:00.000000','17:00:00.000000','23:00:00.000000','SUN',1,1,'10:00:00.000000',42),(121,'18:00:00.000000','17:00:00.000000','23:00:00.000000','MON',1,1,'10:00:00.000000',42),(122,'18:00:00.000000','17:00:00.000000','23:00:00.000000','TUE',1,1,'10:00:00.000000',42),(123,'18:00:00.000000','17:00:00.000000','23:00:00.000000','WED',1,1,'10:00:00.000000',42),(124,NULL,NULL,'23:00:00.000000','THU',0,1,'10:00:00.000000',42),(125,NULL,NULL,NULL,'FRI',0,0,NULL,42),(126,NULL,NULL,NULL,'SAT',0,0,NULL,42),(127,'18:00:00.000000','17:00:00.000000','23:00:00.000000','SUN',1,1,'10:00:00.000000',43),(128,'18:00:00.000000','17:00:00.000000','23:00:00.000000','MON',1,1,'10:00:00.000000',43),(129,'18:00:00.000000','17:00:00.000000','23:00:00.000000','TUE',1,1,'10:00:00.000000',43),(130,'18:00:00.000000','17:00:00.000000','23:00:00.000000','WED',1,1,'10:00:00.000000',43),(131,NULL,NULL,'23:00:00.000000','THU',0,1,'10:00:00.000000',43),(132,NULL,NULL,NULL,'FRI',0,0,NULL,43),(133,NULL,NULL,NULL,'SAT',0,0,NULL,43),(134,'18:00:00.000000','17:00:00.000000','23:00:00.000000','SUN',1,1,'10:00:00.000000',44),(135,'18:00:00.000000','17:00:00.000000','23:00:00.000000','MON',1,1,'10:00:00.000000',44),(136,'18:00:00.000000','17:00:00.000000','23:00:00.000000','TUE',1,1,'10:00:00.000000',44),(137,'18:00:00.000000','17:00:00.000000','23:00:00.000000','WED',1,1,'10:00:00.000000',44),(138,NULL,NULL,'23:00:00.000000','THU',0,1,'10:00:00.000000',44),(139,NULL,NULL,NULL,'FRI',0,0,NULL,44),(140,NULL,NULL,NULL,'SAT',0,0,NULL,44),(141,'18:00:00.000000','17:00:00.000000','23:00:00.000000','SUN',1,1,'10:00:00.000000',45),(142,'18:00:00.000000','17:00:00.000000','23:00:00.000000','MON',1,1,'10:00:00.000000',45),(143,'18:00:00.000000','17:00:00.000000','23:00:00.000000','TUE',1,1,'10:00:00.000000',45),(144,'18:00:00.000000','17:00:00.000000','23:00:00.000000','WED',1,1,'10:00:00.000000',45),(145,NULL,NULL,'23:00:00.000000','THU',0,1,'10:00:00.000000',45),(146,NULL,NULL,NULL,'FRI',0,0,NULL,45),(147,NULL,NULL,NULL,'SAT',0,0,NULL,45),(148,'18:00:00.000000','17:00:00.000000','23:00:00.000000','SUN',1,1,'10:00:00.000000',46),(149,'18:00:00.000000','17:00:00.000000','23:00:00.000000','MON',1,1,'10:00:00.000000',46),(150,'18:00:00.000000','17:00:00.000000','23:00:00.000000','TUE',1,1,'10:00:00.000000',46),(151,'18:00:00.000000','17:00:00.000000','23:00:00.000000','WED',1,1,'10:00:00.000000',46),(152,NULL,NULL,'23:00:00.000000','THU',0,1,'10:00:00.000000',46),(153,NULL,NULL,NULL,'FRI',0,0,NULL,46),(154,NULL,NULL,NULL,'SAT',0,0,NULL,46),(155,'18:00:00.000000','17:00:00.000000','23:00:00.000000','SUN',1,1,'10:00:00.000000',47),(156,'18:00:00.000000','17:00:00.000000','23:00:00.000000','MON',1,1,'10:00:00.000000',47),(157,'18:00:00.000000','17:00:00.000000','23:00:00.000000','TUE',1,1,'10:00:00.000000',47),(158,'18:00:00.000000','17:00:00.000000','23:00:00.000000','WED',1,1,'10:00:00.000000',47),(159,NULL,NULL,'23:00:00.000000','THU',0,1,'10:00:00.000000',47),(160,NULL,NULL,NULL,'FRI',0,0,NULL,47),(161,NULL,NULL,NULL,'SAT',0,0,NULL,47),(162,'18:00:00.000000','17:00:00.000000','23:00:00.000000','SUN',1,1,'10:00:00.000000',48),(163,'18:00:00.000000','17:00:00.000000','23:00:00.000000','MON',1,1,'10:00:00.000000',48),(164,'18:00:00.000000','17:00:00.000000','23:00:00.000000','TUE',1,1,'10:00:00.000000',48),(165,'18:00:00.000000','17:00:00.000000','23:00:00.000000','WED',1,1,'10:00:00.000000',48),(166,NULL,NULL,'23:00:00.000000','THU',0,1,'10:00:00.000000',48),(167,NULL,NULL,NULL,'FRI',0,0,NULL,48),(168,NULL,NULL,NULL,'SAT',0,0,NULL,48),(169,'18:00:00.000000','17:00:00.000000','23:00:00.000000','SUN',1,1,'10:00:00.000000',49),(170,'18:00:00.000000','17:00:00.000000','23:00:00.000000','MON',1,1,'10:00:00.000000',49),(171,'18:00:00.000000','17:00:00.000000','23:00:00.000000','TUE',1,1,'10:00:00.000000',49),(172,'18:00:00.000000','17:00:00.000000','23:00:00.000000','WED',1,1,'10:00:00.000000',49),(173,NULL,NULL,'23:00:00.000000','THU',0,1,'10:00:00.000000',49),(174,NULL,NULL,NULL,'FRI',0,0,NULL,49),(175,NULL,NULL,NULL,'SAT',0,0,NULL,49),(176,'18:00:00.000000','17:00:00.000000','23:00:00.000000','SUN',1,1,'10:00:00.000000',50),(177,'18:00:00.000000','17:00:00.000000','23:00:00.000000','MON',1,1,'10:00:00.000000',50),(178,'18:00:00.000000','17:00:00.000000','23:00:00.000000','TUE',1,1,'10:00:00.000000',50),(179,'18:00:00.000000','17:00:00.000000','23:00:00.000000','WED',1,1,'10:00:00.000000',50),(180,NULL,NULL,'23:00:00.000000','THU',0,1,'10:00:00.000000',50),(181,NULL,NULL,NULL,'FRI',0,0,NULL,50),(182,NULL,NULL,NULL,'SAT',0,0,NULL,50),(183,'18:00:00.000000','17:00:00.000000','23:00:00.000000','SUN',1,1,'10:00:00.000000',51),(184,'18:00:00.000000','17:00:00.000000','23:00:00.000000','MON',1,1,'10:00:00.000000',51),(185,'18:00:00.000000','17:00:00.000000','23:00:00.000000','TUE',1,1,'10:00:00.000000',51),(186,'18:00:00.000000','17:00:00.000000','23:00:00.000000','WED',1,1,'10:00:00.000000',51),(187,NULL,NULL,'23:00:00.000000','THU',0,1,'10:00:00.000000',51),(188,NULL,NULL,NULL,'FRI',0,0,NULL,51),(189,NULL,NULL,NULL,'SAT',0,0,NULL,51),(190,'18:00:00.000000','17:00:00.000000','23:00:00.000000','SUN',1,1,'10:00:00.000000',52),(191,'18:00:00.000000','17:00:00.000000','23:00:00.000000','MON',1,1,'10:00:00.000000',52),(192,'18:00:00.000000','17:00:00.000000','23:00:00.000000','TUE',1,1,'10:00:00.000000',52),(193,'18:00:00.000000','17:00:00.000000','23:00:00.000000','WED',1,1,'10:00:00.000000',52),(194,NULL,NULL,'23:00:00.000000','THU',0,1,'10:00:00.000000',52),(195,NULL,NULL,NULL,'FRI',0,0,NULL,52),(196,NULL,NULL,NULL,'SAT',0,0,NULL,52),(197,NULL,NULL,'21:00:00.000000','월',0,1,'19:00:00.000000',53),(198,NULL,NULL,'21:00:00.000000','화',0,1,'19:00:00.000000',53),(199,NULL,NULL,'21:00:00.000000','수',0,1,'19:00:00.000000',53),(200,NULL,NULL,'21:00:00.000000','목',0,1,'19:00:00.000000',53),(201,NULL,NULL,NULL,'금',0,0,NULL,53),(202,NULL,NULL,NULL,'토',0,0,NULL,53),(203,NULL,NULL,NULL,'일',0,0,NULL,53),(204,NULL,NULL,NULL,'월',0,0,NULL,54),(205,NULL,NULL,NULL,'화',0,0,NULL,54),(206,NULL,NULL,NULL,'수',0,0,NULL,54),(207,NULL,NULL,NULL,'목',0,0,NULL,54),(208,NULL,NULL,NULL,'금',0,0,NULL,54),(209,NULL,NULL,NULL,'토',0,0,NULL,54),(210,NULL,NULL,NULL,'일',0,0,NULL,54),(211,NULL,NULL,'03:00:00.000000','월',0,1,'18:00:00.000000',55),(212,NULL,NULL,'03:00:00.000000','화',0,1,'18:00:00.000000',55),(213,NULL,NULL,NULL,'수',0,0,NULL,55),(214,NULL,NULL,NULL,'목',0,0,NULL,55),(215,NULL,NULL,NULL,'금',0,0,NULL,55),(216,NULL,NULL,NULL,'토',0,0,NULL,55),(217,NULL,NULL,NULL,'일',0,0,NULL,55),(218,'21:00:00.000000','20:30:00.000000','01:00:00.000000','월',1,1,'19:00:00.000000',56),(219,'21:00:00.000000','20:30:00.000000','01:00:00.000000','화',1,1,'19:00:00.000000',56),(220,'21:00:00.000000','20:30:00.000000','01:00:00.000000','수',1,1,'19:00:00.000000',56),(221,'21:00:00.000000','20:30:00.000000','01:00:00.000000','목',1,1,'19:00:00.000000',56),(222,'21:00:00.000000','20:30:00.000000','01:00:00.000000','금',1,1,'19:00:00.000000',56),(223,NULL,NULL,'06:30:00.000000','토',0,1,'17:30:00.000000',56),(224,NULL,NULL,'06:30:00.000000','일',0,1,'17:30:00.000000',56),(258,NULL,NULL,'00:30:00.000000','월',0,1,'20:00:00.000000',68),(259,NULL,NULL,'00:30:00.000000','화',0,1,'20:00:00.000000',68),(260,NULL,NULL,'00:30:00.000000','수',0,1,'20:00:00.000000',68),(261,NULL,NULL,'00:30:00.000000','목',0,1,'20:00:00.000000',68),(262,NULL,NULL,'05:30:00.000000','금',0,1,'00:30:00.000000',68),(263,NULL,NULL,'05:30:00.000000','토',0,1,'00:30:00.000000',68),(264,NULL,NULL,'05:30:00.000000','일',0,1,'00:30:00.000000',68),(265,NULL,NULL,NULL,'월',0,0,NULL,69),(266,NULL,NULL,NULL,'화',0,0,NULL,69),(267,NULL,NULL,NULL,'수',0,0,NULL,69),(268,NULL,NULL,NULL,'목',0,0,NULL,69),(269,NULL,NULL,'20:30:00.000000','금',0,1,'20:00:00.000000',69),(270,NULL,NULL,NULL,'토',0,0,NULL,69),(271,NULL,NULL,NULL,'일',0,0,NULL,69),(272,'22:00:00.000000','19:00:00.000000','01:00:00.000000','월',1,1,'18:00:00.000000',70),(273,'22:00:00.000000','19:00:00.000000','01:00:00.000000','화',1,1,'18:00:00.000000',70),(274,'22:00:00.000000','19:00:00.000000','01:00:00.000000','수',1,1,'18:00:00.000000',70),(275,'22:00:00.000000','19:00:00.000000','01:00:00.000000','목',1,1,'18:00:00.000000',70),(276,'22:00:00.000000','19:00:00.000000','01:00:00.000000','금',1,1,'18:00:00.000000',70),(277,NULL,NULL,NULL,'토',0,0,NULL,70),(278,NULL,NULL,NULL,'일',0,0,NULL,70);
/*!40000 ALTER TABLE `BUSINESS_HOUR` ENABLE KEYS */;
UNLOCK TABLES;

--
-- Table structure for table `BUSINESS_REGISTRATION`
--

DROP TABLE IF EXISTS `BUSINESS_REGISTRATION`;
/*!40101 SET @saved_cs_client     = @@character_set_client */;
/*!50503 SET character_set_client = utf8mb4 */;
CREATE TABLE `BUSINESS_REGISTRATION` (
  `registration_number_id` int NOT NULL AUTO_INCREMENT,
  `member_id` int NOT NULL,
  `registration_address` varchar(255) NOT NULL,
  `registration_number` varchar(255) NOT NULL,
  PRIMARY KEY (`registration_number_id`)
) ENGINE=InnoDB AUTO_INCREMENT=36 DEFAULT CHARSET=utf8mb4 COLLATE=utf8mb4_0900_ai_ci;
/*!40101 SET character_set_client = @saved_cs_client */;

--
-- Dumping data for table `BUSINESS_REGISTRATION`
--

LOCK TABLES `BUSINESS_REGISTRATION` WRITE;
/*!40000 ALTER TABLE `BUSINESS_REGISTRATION` DISABLE KEYS */;
INSERT INTO `BUSINESS_REGISTRATION` VALUES (4,18,'광주광역시시 광산구 임방울대로 338','123-45-67890'),(5,18,'광주광역시시 광산구 임방울대로 339','123-45-67891'),(6,18,'광주광역시시 광산구 임방울대로 310','332-05-23141'),(7,19,'광주광역시시 광산구 임방울대로 322','349-05-23021'),(8,26,'광주광역시 광산구 장덕동 1049 213동 105호(장덕동, 수완완2차골드클래스)','852-10-02709'),(9,27,'광주광역시 광산구 장덕동 1551 1층 디잇','336-45-00763'),(10,28,'광주광역시 광산구 장덕동 1369 1층(장덕동)','133-19-02519'),(11,29,'광주광역시 광산구 장덕동 1393 1층(장덕동)','739-42-01086'),(12,30,'광주광역시 광산구 흑석동 597 1층 101호(흑석동)','245-28-00395'),(13,31,'광주광역시 광산구 장덕동 1400(장덕동)','732-69-00045'),(14,32,'광주광역시 광산구 장덕동 1637(장덕동)','219-09-00931'),(15,33,'광주 광산구 장덕로50번길 5','219-18-11423'),(16,34,'광주 광산구 장신로19번안길 23-2 1층','189-30-14523'),(17,35,'광주 광산구 장신로19번안길 5-3','220-45-10023'),(18,36,'광주 광산구 장신로 120','381-42-10723'),(19,37,'광주 광산구 수완로74번길 1 1층','421-03-10110'),(20,38,'광주 광산구 수완로11번길 23 1층','942-28-12830'),(21,39,'광주 광산구 수완로73번길 35 1층','113-28-02719'),(22,40,'광주 광산구 신창로72번길 22 1층','543-28-02719'),(25,26,'광주 광산구 하남대로 248-13 대영빌딩 1층','392-92-20131'),(26,26,'광주 광산구 풍영로229번안길','321-21-55923'),(27,17,'광주 광산구 장덕동 1477','5982401007'),(28,17,'광주 광산구 장덕동 1477','5982401007'),(29,17,'광주 광산구 사암로 501','5982401007'),(30,17,'광주 광산구 장덕동 1477','5982401007'),(31,17,'광주 광산구 장덕동 1477','5982401007'),(32,18,'광주 광산구 가마길 2-21','1234567890'),(33,17,'광주 광산구 장덕동 1611','8046500380'),(34,17,'광주 광산구 장덕동 1611','8046500380'),(35,46,'광주 광산구 장덕동 1634','3517000556');
/*!40000 ALTER TABLE `BUSINESS_REGISTRATION` ENABLE KEYS */;
UNLOCK TABLES;

--
-- Table structure for table `COMMENT`
--

DROP TABLE IF EXISTS `COMMENT`;
/*!40101 SET @saved_cs_client     = @@character_set_client */;
/*!50503 SET character_set_client = utf8mb4 */;
CREATE TABLE `COMMENT` (
  `comment_id` int NOT NULL AUTO_INCREMENT,
  `content` varchar(255) NOT NULL,
  `created_at` datetime(6) NOT NULL,
  `is_picked` bit(1) DEFAULT NULL,
  `member_id` int DEFAULT NULL,
  `sogon_id` int DEFAULT NULL,
  PRIMARY KEY (`comment_id`),
  KEY `FKbyp5ri5552ndjaix6sqt3xnbp` (`sogon_id`),
  CONSTRAINT `FKbyp5ri5552ndjaix6sqt3xnbp` FOREIGN KEY (`sogon_id`) REFERENCES `SOGON` (`sogon_id`)
) ENGINE=InnoDB AUTO_INCREMENT=22 DEFAULT CHARSET=utf8mb4 COLLATE=utf8mb4_0900_ai_ci;
/*!40101 SET character_set_client = @saved_cs_client */;

--
-- Dumping data for table `COMMENT`
--

LOCK TABLES `COMMENT` WRITE;
/*!40000 ALTER TABLE `COMMENT` DISABLE KEYS */;
INSERT INTO `COMMENT` VALUES (5,'g2g2','2024-04-04 02:25:39.010801',_binary '\0',4,55),(6,'gwwr','2024-04-04 02:31:34.730282',_binary '\0',4,55),(7,'test','2024-04-04 02:33:26.563117',_binary '\0',4,55),(8,'zzz','2024-04-04 02:34:51.394884',_binary '\0',4,55),(9,'test2','2024-04-04 02:36:04.875772',_binary '\0',4,55),(10,'test3','2024-04-04 02:36:09.235844',_binary '\0',4,55),(11,'test4','2024-04-04 02:36:12.323264',_binary '\0',4,55),(12,'test5','2024-04-04 02:36:15.993823',_binary '\0',4,55),(13,'last test','2024-04-04 02:39:39.628008',_binary '\0',4,55),(14,'북적북적','2024-04-04 03:58:43.755442',_binary '\0',18,60),(15,'안녕','2024-04-04 06:09:12.682508',_binary '\0',18,60),(16,'hi','2024-04-04 09:08:13.713394',_binary '\0',18,56),(17,'hello','2024-04-04 09:08:22.970572',_binary '\0',18,56),(18,'안녕하세용','2024-04-04 09:09:51.043064',_binary '\0',18,56),(19,'소곤소곤','2024-04-04 09:10:11.517464',_binary '\0',18,79),(20,'hello','2024-04-04 09:11:21.733339',_binary '\0',4,79),(21,'ㅎㅇ','2024-04-04 10:05:00.330817',_binary '\0',17,61);
/*!40000 ALTER TABLE `COMMENT` ENABLE KEYS */;
UNLOCK TABLES;

--
-- Table structure for table `FAV_STORE`
--

DROP TABLE IF EXISTS `FAV_STORE`;
/*!40101 SET @saved_cs_client     = @@character_set_client */;
/*!50503 SET character_set_client = utf8mb4 */;
CREATE TABLE `FAV_STORE` (
  `favorite_id` int NOT NULL AUTO_INCREMENT,
  `member_id` int NOT NULL,
  `storeId` int DEFAULT NULL,
  PRIMARY KEY (`favorite_id`)
) ENGINE=InnoDB AUTO_INCREMENT=127 DEFAULT CHARSET=utf8mb4 COLLATE=utf8mb4_0900_ai_ci;
/*!40101 SET character_set_client = @saved_cs_client */;

--
-- Dumping data for table `FAV_STORE`
--

LOCK TABLES `FAV_STORE` WRITE;
/*!40000 ALTER TABLE `FAV_STORE` DISABLE KEYS */;
INSERT INTO `FAV_STORE` VALUES (1,19,23),(2,19,24),(3,19,25),(4,26,34),(5,26,35),(6,26,36),(7,26,37),(8,26,38),(9,26,39),(10,26,40),(11,26,41),(12,27,23),(13,27,24),(14,27,25),(15,27,28),(16,27,29),(17,27,30),(18,27,31),(19,27,32),(20,27,33),(21,27,34),(22,27,35),(23,27,36),(24,27,37),(25,27,38),(26,27,39),(27,27,40),(28,28,23),(29,28,24),(30,28,25),(31,28,28),(32,28,29),(33,28,30),(34,28,31),(35,28,32),(36,28,33),(37,28,34),(38,28,35),(39,28,36),(40,28,37),(41,28,38),(42,28,39),(43,28,40),(44,29,23),(45,29,24),(46,29,25),(47,29,28),(48,29,29),(49,29,30),(50,29,31),(51,29,32),(52,29,33),(53,29,34),(54,29,35),(55,29,36),(56,29,37),(57,29,38),(58,29,39),(59,29,40),(60,30,23),(61,30,24),(62,30,25),(63,30,28),(64,30,29),(65,30,30),(66,30,31),(67,30,32),(68,30,33),(69,30,34),(70,30,35),(71,30,36),(72,30,37),(73,30,38),(74,30,39),(75,30,40),(76,31,23),(77,31,24),(78,31,25),(79,31,28),(80,31,29),(81,31,30),(82,31,31),(83,32,23),(84,32,24),(85,32,29),(86,32,30),(87,32,31),(88,32,32),(89,32,33),(90,32,34),(91,32,35),(92,32,36),(93,32,37),(94,32,38),(95,32,39),(96,33,23),(97,33,25),(98,33,29),(99,33,30),(100,33,31),(101,33,32),(102,33,33),(103,33,34),(104,33,35),(105,33,36),(106,33,37),(107,33,38),(108,33,40),(109,34,23),(110,34,24),(111,34,28),(112,34,29),(113,34,30),(114,34,35),(115,34,36),(116,34,37),(117,34,38),(118,34,39),(119,35,23),(120,35,25),(121,35,29),(122,35,32),(123,35,36),(124,35,34),(125,35,38),(126,35,40);
/*!40000 ALTER TABLE `FAV_STORE` ENABLE KEYS */;
UNLOCK TABLES;

--
-- Table structure for table `ISSUE`
--

DROP TABLE IF EXISTS `ISSUE`;
/*!40101 SET @saved_cs_client     = @@character_set_client */;
/*!50503 SET character_set_client = utf8mb4 */;
CREATE TABLE `ISSUE` (
  `issue_id` int NOT NULL AUTO_INCREMENT,
  `created_at` date NOT NULL,
  `discounted_price` int DEFAULT NULL,
  `image` varchar(255) DEFAULT NULL,
  `is_discounted` tinyint(1) NOT NULL DEFAULT '0',
  `is_main` tinyint(1) NOT NULL DEFAULT '0',
  `issued_quantity` int NOT NULL DEFAULT '0',
  `max_quantity` int NOT NULL,
  `name` varchar(255) NOT NULL,
  `period` int NOT NULL,
  `price` int NOT NULL,
  `status` char(1) NOT NULL DEFAULT 'A',
  `store_name` varchar(255) NOT NULL,
  `used` int NOT NULL DEFAULT '0',
  `item_id` int DEFAULT NULL,
  PRIMARY KEY (`issue_id`),
  KEY `FKd0a9nto55axedvqrjh0elqfs2` (`item_id`),
  CONSTRAINT `FKd0a9nto55axedvqrjh0elqfs2` FOREIGN KEY (`item_id`) REFERENCES `ITEM` (`item_id`)
) ENGINE=InnoDB AUTO_INCREMENT=18 DEFAULT CHARSET=utf8mb4 COLLATE=utf8mb4_0900_ai_ci;
/*!40101 SET character_set_client = @saved_cs_client */;

--
-- Dumping data for table `ISSUE`
--

LOCK TABLES `ISSUE` WRITE;
/*!40000 ALTER TABLE `ISSUE` DISABLE KEYS */;
INSERT INTO `ISSUE` VALUES (1,'2024-03-28',300,'https://firebasestorage.googleapis.com/v0/b/socon-socon.appspot.com/o/images%2Fsocon%2Fgimbap.png?alt=media&token=89ee3277-cf77-4e9d-b02e-8eb80996e965',0,1,17,20,'멸치꼬마김밥',10,300,'A','늘솜꼬마김밥2',0,1),(2,'2024-03-28',400,'https://cataas.com/cat',0,1,9,20,'유부꼬마김밥',10,400,'A','늘솜꼬마김밥2',0,2),(3,'2024-03-29',30,'https://cataas.com/cat',1,1,4,30,'유부꼬마김밥',20,400,'A','늘솜꼬마김밥2',0,2),(4,'2024-03-29',20,'https://cataas.com/cat',1,0,2,30,'당근꼬마김밥',30,500,'A','늘솜꼬마김밥2',0,3),(5,'2024-03-30',10,'https://cataas.com/cat',1,0,16,40,'당근꼬마김밥',20,500,'A','늘솜꼬마김밥2',0,3),(6,'2024-03-31',100,'https://cataas.com/cat',1,0,1,40,'피망꼬미김밥',10,200,'A','늘솜꼬마김밥2',0,4),(7,'2024-03-31',200,'https://cataas.com/cat',0,0,22,40,'피망꼬미김밥',40,200,'A','늘솜꼬마김밥2',0,4),(8,'2024-03-31',2500,'https://cataas.com/cat',1,1,12,30,'상품명1',30,3000,'A','엔제리너스',0,6),(9,'2024-03-31',3000,'https://cataas.com/cat',0,1,9,10,'상품명1',30,3000,'A','엔제리너스',0,6),(10,'2024-03-31',1000,'https://cataas.com/cat',1,0,9,10,'상품명2',30,4000,'A','엔제리너스',0,7),(11,'2024-03-31',1000,'https://cataas.com/cat',1,0,0,10,'상품3',30,5000,'I','엔제리너스',0,8),(12,'2024-02-15',2500,'https://cataas.com/cat',1,1,11,40,'상품명',30,3000,'A','가게명1',0,9),(13,'2024-02-15',4200,'https://cataas.com/cat',1,0,16,50,'상품명',40,4500,'A','가게명1',0,10),(14,'2024-02-15',5400,'https://cataas.com/cat',1,0,30,34,'상품명',20,6000,'A','가게명1',0,11),(15,'2024-02-15',0,'https://cataas.com/cat',0,0,5,70,'상품명',60,6500,'A','가게명1',0,12),(16,'2024-02-15',6000,'https://cataas.com/cat',1,0,13,20,'상품명',30,6500,'A','가게명1',0,12),(17,'2024-02-15',NULL,'https://cataas.com/cat',0,1,11,50,'상품명',30,3000,'A','가게명1',0,9);
/*!40000 ALTER TABLE `ISSUE` ENABLE KEYS */;
UNLOCK TABLES;

--
-- Table structure for table `ITEM`
--

DROP TABLE IF EXISTS `ITEM`;
/*!40101 SET @saved_cs_client     = @@character_set_client */;
/*!50503 SET character_set_client = utf8mb4 */;
CREATE TABLE `ITEM` (
  `item_id` int NOT NULL AUTO_INCREMENT,
  `description` varchar(255) DEFAULT NULL,
  `image` varchar(255) DEFAULT NULL,
  `name` varchar(255) NOT NULL,
  `price` int NOT NULL,
  `summary` varchar(255) DEFAULT NULL,
  `store_id` int DEFAULT NULL,
  PRIMARY KEY (`item_id`),
  KEY `FKn37e0n70xcr2d45tj3wcjjk5m` (`store_id`),
  CONSTRAINT `FKn37e0n70xcr2d45tj3wcjjk5m` FOREIGN KEY (`store_id`) REFERENCES `STORE` (`store_id`)
) ENGINE=InnoDB AUTO_INCREMENT=140 DEFAULT CHARSET=utf8mb4 COLLATE=utf8mb4_0900_ai_ci;
/*!40101 SET character_set_client = @saved_cs_client */;

--
-- Dumping data for table `ITEM`
--

LOCK TABLES `ITEM` WRITE;
/*!40000 ALTER TABLE `ITEM` DISABLE KEYS */;
INSERT INTO `ITEM` VALUES (0,'맛있나? ','https://firebasestorage.googleapis.com/v0/b/socon-socon.appspot.com/o/images%2Fsocon%2Fgimbap.png?alt=media&token=89ee3277-cf77-4e9d-b02e-8eb80996e965','김치꼬김',300,'김치꼬김',23),(1,'맛있음','https://firebasestorage.googleapis.com/v0/b/socon-socon.appspot.com/o/images%2Fsocon%2Fgimbap.png?alt=media&token=89ee3277-cf77-4e9d-b02e-8eb80996e965','멸치꼬김',300,'멸치꼬김',23),(2,'맛있어요','https://cataas.com/cat','유부꼬김',400,'유부꼬김',23),(3,'당근이 들어있어요','https://cataas.com/cat','당근꼬김',500,'당근꼬김',23),(4,'피망이 들어있어요..','https://cataas.com/cat','피망꼬김',200,'피망꼬김',23),(6,'상세 설명1','https://cataas.com/cat','상품명1',5000,'한줄설명1',25),(7,'상세 설명2','https://cataas.com/cat','상품명2',5000,'한줄설명2',25),(8,'상세 설명3','https://cataas.com/cat','상품3',5000,'한줄설명3',25),(9,'상세 설명','https://cataas.com/cat','상품명',3000,'한줄설명',34),(10,'상세 설명','https://cataas.com/cat','상품명',4500,'한줄설명',34),(11,'상세 설명','https://cataas.com/cat','상품명',6000,'한줄설명',34),(12,'상세 설명','https://cataas.com/cat','상품명',6500,'한줄설명',34),(13,'상세 설명','https://cataas.com/cat','상품명',5000,'한줄설명',52),(14,'상세 설명','https://cataas.com/cat','상품명',5000,'한줄설명',52),(15,'상세 설명','https://cataas.com/cat','상품명',5000,'한줄설명',52),(16,'상세 설명','https://cataas.com/cat','상품명',5000,'한줄설명',51),(17,'상세 설명','https://cataas.com/cat','상품명',5000,'한줄설명',51),(18,'상세 설명','https://cataas.com/cat','상품명',5000,'한줄설명',51),(19,'상세 설명','https://cataas.com/cat','상품명',5000,'한줄설명',35),(20,'상세 설명','https://cataas.com/cat','상품명',5000,'한줄설명',35),(21,'상세 설명','https://cataas.com/cat','상품명',5000,'한줄설명',35),(22,'상세 설명','https://cataas.com/cat','상품명',3000,'한줄설명',35),(23,'상세 설명','https://cataas.com/cat','상품명',3000,'한줄설명',35),(24,'상세 설명','https://cataas.com/cat','상품명',3000,'한줄설명',36),(25,'상세 설명','https://cataas.com/cat','상품명',3000,'한줄설명',36),(26,'상세 설명','https://cataas.com/cat','상품명',3000,'한줄설명',36),(27,'상세 설명','https://cataas.com/cat','상품명',3000,'한줄설명',36),(28,'상세 설명','https://cataas.com/cat','상품명',3000,'한줄설명',36),(29,'상세 설명','https://cataas.com/cat','상품명',3000,'한줄설명',36),(30,'상세 설명','https://cataas.com/cat','상품명',3000,'한줄설명',36),(31,'상세 설명','https://cataas.com/cat','상품명',3000,'한줄설명',37),(32,'상세 설명','https://cataas.com/cat','상품명',3000,'한줄설명',37),(33,'상세 설명','https://cataas.com/cat','상품명',3000,'한줄설명',37),(34,'상세 설명','https://cataas.com/cat','상품명',3000,'한줄설명',37),(35,'상세 설명','https://cataas.com/cat','상품명',3000,'한줄설명',37),(36,'상세 설명','https://cataas.com/cat','상품명',3000,'한줄설명',37),(37,'상세 설명','https://cataas.com/cat','상품명',3000,'한줄설명',38),(38,'상세 설명','https://cataas.com/cat','상품명',3000,'한줄설명',38),(39,'상세 설명','https://cataas.com/cat','상품명',3000,'한줄설명',38),(40,'상세설명','https://cataas.com/cat','상품명',3000,'한줄설명',38),(41,'상세설명','https://cataas.com/cat','상품명',4000,'한줄설명',38),(42,'상세설명','https://cataas.com/cat','상품명',5000,'한줄설명',39),(43,'상세설명','https://cataas.com/cat','상품명',3000,'한줄설명',39),(44,'상세설명','https://cataas.com/cat','상품명',4000,'한줄설명',39),(45,'상세설명','https://cataas.com/cat','상품명',5000,'한줄설명',39),(46,'상세설명','https://cataas.com/cat','상품명',3000,'한줄설명',39),(47,'상세설명','https://cataas.com/cat','상품명',4000,'한줄설명',40),(48,'상세설명','https://cataas.com/cat','상품명',5000,'한줄설명',40),(49,'상세설명','https://cataas.com/cat','상품명',3000,'한줄설명',40),(50,'상세설명','https://cataas.com/cat','상품명',4000,'한줄설명',40),(51,'상세설명','https://cataas.com/cat','상품명',5000,'한줄설명',40),(52,'상세설명','https://cataas.com/cat','상품명',3000,'한줄설명',38),(53,'상세설명','https://cataas.com/cat','상품명',4000,'한줄설명',39),(54,'상세설명','https://cataas.com/cat','상품명',5000,'한줄설명',39),(55,'상세설명','https://cataas.com/cat','상품명',3000,'한줄설명',40),(56,'상세설명','https://cataas.com/cat','상품명',4000,'한줄설명',40),(57,'상세설명','https://cataas.com/cat','상품명',5000,'한줄설명',40),(58,'상세설명','https://cataas.com/cat','상품명',4000,'한줄설명',40),(59,'상세설명','https://cataas.com/cat','상품명',5000,'한줄설명',40),(60,'상세설명','https://cataas.com/cat','상품명',4000,'한줄설명',41),(61,'상세설명','https://cataas.com/cat','상품명',5000,'한줄설명',41),(62,'상세설명','https://cataas.com/cat','상품명',4000,'한줄설명',41),(63,'상세설명','https://cataas.com/cat','상품명',5000,'한줄설명',41),(64,'상세설명','https://cataas.com/cat','상품명',4000,'한줄설명',41),(65,'상세설명','https://cataas.com/cat','상품명',5000,'한줄설명',41),(66,'상세설명','https://cataas.com/cat','상품명',4000,'한줄설명',42),(67,'상세설명','https://cataas.com/cat','상품명',5000,'한줄설명',42),(68,'상세설명','https://cataas.com/cat','상품명',4000,'한줄설명',42),(69,'상세설명','https://cataas.com/cat','상품명',5000,'한줄설명',42),(70,'상세설명','https://cataas.com/cat','상품명',3000,'한줄설명',43),(71,'상세설명','https://cataas.com/cat','상품명',4000,'한줄설명',43),(72,'상세설명','https://cataas.com/cat','상품명',5000,'한줄설명',43),(73,'상세설명','https://cataas.com/cat','상품명',3000,'한줄설명',44),(74,'상세설명','https://cataas.com/cat','상품명',4000,'한줄설명',44),(75,'상세설명','https://cataas.com/cat','상품명',5000,'한줄설명',44),(76,'상세설명','https://cataas.com/cat','상품명',3000,'한줄설명',44),(77,'상세설명','https://cataas.com/cat','상품명',4000,'한줄설명',45),(78,'상세설명','https://cataas.com/cat','상품명',5000,'한줄설명',45),(79,'상세설명','https://cataas.com/cat','상품명',3000,'한줄설명',45),(80,'상세설명','https://cataas.com/cat','상품명',4000,'한줄설명',45),(81,'상세설명','https://cataas.com/cat','상품명',5000,'한줄설명',45),(82,'상세설명','https://cataas.com/cat','상품명',3000,'한줄설명',46),(83,'상세설명','https://cataas.com/cat','상품명',4000,'한줄설명',46),(84,'상세설명','https://cataas.com/cat','상품명',5000,'한줄설명',46),(85,'상세설명','https://cataas.com/cat','상품명',3000,'한줄설명',46),(86,'상세설명','https://cataas.com/cat','상품명',4000,'한줄설명',46),(87,'상세설명','https://cataas.com/cat','상품명',5000,'한줄설명',47),(88,'상세설명','https://cataas.com/cat','상품명',4000,'한줄설명',47),(89,'상세설명','https://cataas.com/cat','상품명',5000,'한줄설명',47),(90,'상세설명','https://cataas.com/cat','상품명',4000,'한줄설명',47),(91,'상세설명','https://cataas.com/cat','상품명',5000,'한줄설명',47),(92,'상세설명','https://cataas.com/cat','상품명',4000,'한줄설명',48),(93,'상세설명','https://cataas.com/cat','상품명',5000,'한줄설명',48),(94,'상세설명','https://cataas.com/cat','상품명',4000,'한줄설명',48),(95,'상세설명','https://cataas.com/cat','상품명',5000,'한줄설명',49),(96,'상세설명','https://cataas.com/cat','상품명',4000,'한줄설명',49),(97,'상세설명','https://cataas.com/cat','상품명',5000,'한줄설명',50),(98,'상세설명','https://cataas.com/cat','상품명',4000,'한줄설명',50),(99,'상세설명','https://cataas.com/cat','상품명',5000,'한줄설명',50),(100,'상세설명','https://cataas.com/cat','상품명',3000,'한줄설명',35),(101,'상세설명','https://cataas.com/cat','상품명',4000,'한줄설명',35),(102,'상세설명','https://cataas.com/cat','상품명',3000,'한줄설명',36),(103,'상세설명','https://cataas.com/cat','상품명',4000,'한줄설명',36),(104,'상세설명','https://cataas.com/cat','상품명',5000,'한줄설명',37),(105,'상세설명','https://cataas.com/cat','상품명',4000,'한줄설명',37),(106,'상세설명','https://cataas.com/cat','상품명',5000,'한줄설명',38),(107,'상세설명','https://cataas.com/cat','상품명',4000,'한줄설명',38),(108,'상세설명','https://cataas.com/cat','상품명',5000,'한줄설명',39),(109,'상세설명','https://cataas.com/cat','상품명',3000,'한줄설명',39),(110,'상세설명','https://cataas.com/cat','상품명',5000,'한줄설명',40),(111,'상세설명','https://cataas.com/cat','상품명',3000,'한줄설명',40),(112,'상세설명','https://cataas.com/cat','상품명',5000,'한줄설명',41),(113,'상세설명','https://cataas.com/cat','상품명',4000,'한줄설명',41),(114,'상세설명','https://cataas.com/cat','상품명',4000,'한줄설명',42),(115,'상세설명','https://cataas.com/cat','상품명',5000,'한줄설명',42),(116,'상세설명','https://cataas.com/cat','상품명',5000,'한줄설명',43),(117,'상세설명','https://cataas.com/cat','상품명',5000,'한줄설명',43),(118,'상세설명','https://cataas.com/cat','상품명',5000,'한줄설명',44),(119,'상세설명','https://cataas.com/cat','상품명',5000,'한줄설명',44),(120,'상세설명','https://cataas.com/cat','상품명',5000,'한줄설명',45),(121,'상세설명','https://cataas.com/cat','상품명',5000,'한줄설명',45),(122,'상세설명','https://cataas.com/cat','상품명',5000,'한줄설명',46),(123,'상세설명','https://cataas.com/cat','상품명',5000,'한줄설명',46),(124,'상세설명','https://cataas.com/cat','상품명',5000,'한줄설명',47),(125,'상세설명','https://cataas.com/cat','상품명',5000,'한줄설명',47),(126,'상세설명','https://cataas.com/cat','상품명',5000,'한줄설명',48),(127,'상세설명','https://cataas.com/cat','상품명',5000,'한줄설명',48),(128,'상세설명','https://cataas.com/cat','메뉴이름',3000,'한줄소개',23),(129,'상세설명','https://cataas.com/cat','메뉴이름',3000,'한줄소개',23),(130,'상세설명','https://cataas.com/cat','메뉴이름',3000,'한줄소개',23),(131,'qweertqer','https://cataas.com/cat','ee',300,'test',24),(132,'sssss','https://cataas.com/cat','test',200,'testttt',24),(133,'상세설명','https://cataas.com/cat','소금빵',1000,'맛있는 소금빵',56),(134,'ㅎㅎㅎ','https://cataas.com/cat','메뉴',100,'...',23),(135,'ㅎㄷㄷㄷ','https://cataas.com/cat','이름',100,'ㅎㄷㄷ',23),(136,'ㅎㅎㅎ','https://cataas.com/cat','테스트',100,'소개',28),(137,'gg','https://cataas.com/cat','add',100,'hmmm',24),(138,'intro','https://cataas.com/cat','wweeww',100,'gogo',29),(139,'맛있음','https://cataas.com/cat','볼케이노',1000,'매움주의',70);
/*!40000 ALTER TABLE `ITEM` ENABLE KEYS */;
UNLOCK TABLES;

--
-- Table structure for table `SOCON`
--

DROP TABLE IF EXISTS `SOCON`;
/*!40101 SET @saved_cs_client     = @@character_set_client */;
/*!50503 SET character_set_client = utf8mb4 */;
CREATE TABLE `SOCON` (
  `socon_id` int NOT NULL AUTO_INCREMENT,
  `expired_at` datetime(6) NOT NULL,
  `member_id` int NOT NULL,
  `purchased_at` datetime(6) NOT NULL,
  `status` varchar(255) NOT NULL,
  `used_at` datetime(6) DEFAULT NULL,
  `issue_id` int DEFAULT NULL,
  PRIMARY KEY (`socon_id`),
  KEY `FKg8ucd3ntvf59oqpl15qbplb3d` (`issue_id`),
  CONSTRAINT `FKg8ucd3ntvf59oqpl15qbplb3d` FOREIGN KEY (`issue_id`) REFERENCES `ISSUE` (`issue_id`)
) ENGINE=InnoDB AUTO_INCREMENT=202 DEFAULT CHARSET=utf8mb4 COLLATE=utf8mb4_0900_ai_ci;
/*!40101 SET character_set_client = @saved_cs_client */;

--
-- Dumping data for table `SOCON`
--

LOCK TABLES `SOCON` WRITE;
/*!40000 ALTER TABLE `SOCON` DISABLE KEYS */;
INSERT INTO `SOCON` VALUES (1,'2024-04-20 19:11:00.000000',18,'2024-03-28 19:11:00.000000','used','2024-03-31 20:31:15.171838',7),(2,'2024-04-20 19:11:00.000000',18,'2024-03-28 19:11:00.000000','used','2024-03-31 20:31:39.216604',7),(3,'2024-04-20 19:11:00.000000',18,'2024-03-28 19:11:00.000000','sogon',NULL,7),(4,'2024-04-20 19:11:00.000000',18,'2024-03-28 19:11:00.000000','used','2024-04-20 19:12:00.000000',7),(5,'2024-04-20 19:13:00.000000',18,'2024-03-29 19:20:00.000000','used','2024-03-31 20:38:20.650028',7),(6,'2024-04-20 19:14:00.000000',18,'2024-03-29 19:20:00.000000','used','2024-03-31 20:41:56.313681',7),(7,'2024-04-20 19:15:00.000000',18,'2024-03-29 19:20:00.000000','used','2024-03-31 21:13:09.349752',7),(8,'2024-04-20 19:17:00.000000',18,'2024-03-30 19:11:00.000000','sogon',NULL,7),(9,'2024-04-20 19:19:00.000000',18,'2024-03-30 19:11:00.000000','used','2024-03-31 21:14:13.595546',7),(10,'2024-04-20 19:20:00.000000',18,'2024-03-30 19:11:00.000000','sogon',NULL,7),(11,'2024-04-20 19:20:00.000000',19,'2024-03-31 19:14:00.000000','sogon',NULL,1),(12,'2024-04-22 19:20:00.000000',18,'2024-04-20 19:14:00.000000','sogon',NULL,3),(13,'2024-04-22 19:20:00.000000',19,'2024-03-31 19:25:00.000000','sogon',NULL,2),(14,'2024-04-22 19:20:00.000000',17,'2024-03-31 19:25:00.000000','sogon',NULL,4),(15,'2024-04-23 15:20:00.000000',17,'2024-03-31 19:40:00.000000','sogon',NULL,5),(16,'2024-04-23 15:20:00.000000',17,'2024-03-31 19:40:00.000000','sogon',NULL,6),(17,'2024-04-23 15:20:00.000000',19,'2024-03-31 19:40:00.000000','sogon',NULL,8),(18,'2024-04-27 16:00:00.000000',16,'2024-03-31 19:40:00.000000','sogon',NULL,9),(19,'2024-04-27 16:00:00.000000',16,'2024-03-31 21:20:00.000000','sogon',NULL,10),(20,'2024-04-27 16:00:00.000000',15,'2024-03-31 21:20:00.000000','sogon',NULL,8),(21,'2024-04-27 16:00:00.000000',15,'2024-03-31 21:20:00.000000','sogon',NULL,2),(22,'2024-04-27 16:00:00.000000',19,'2024-03-31 21:25:00.000000','sogon',NULL,5),(23,'2024-04-27 16:00:00.000000',19,'2024-03-31 21:25:00.000000','used','2024-03-31 22:50:55.544062',7),(24,'2024-04-22 19:11:00.000000',18,'2024-03-31 19:11:00.000000','unused',NULL,7),(25,'2024-04-22 19:11:00.000000',18,'2024-03-31 19:11:00.000000','unused',NULL,7),(26,'2024-04-22 19:11:00.000000',18,'2024-03-31 19:11:00.000000','unused',NULL,7),(27,'2024-04-22 19:11:00.000000',18,'2024-03-31 19:11:00.000000','unused',NULL,8),(28,'2024-04-22 19:11:00.000000',18,'2024-03-31 19:11:00.000000','sogon',NULL,8),(29,'2024-04-22 19:11:00.000000',18,'2024-03-31 19:11:00.000000','unused',NULL,8),(30,'2024-04-22 19:11:00.000000',18,'2024-03-31 19:11:00.000000','sogon',NULL,10),(31,'2024-04-22 19:11:00.000000',18,'2024-03-31 19:11:00.000000','sogon',NULL,10),(32,'2024-04-22 19:11:00.000000',18,'2024-03-31 19:11:00.000000','unused',NULL,10),(33,'2024-04-22 19:11:00.000000',18,'2024-03-31 19:11:00.000000','sogon',NULL,9),(34,'2024-04-22 19:11:00.000000',18,'2024-03-31 19:11:00.000000','unused',NULL,9),(35,'2024-04-22 19:11:00.000000',18,'2024-03-31 19:11:00.000000','sogon',NULL,9),(36,'2024-04-22 19:11:00.000000',18,'2024-03-31 19:11:00.000000','unused',NULL,10),(37,'2024-04-22 19:11:00.000000',18,'2024-03-31 19:11:00.000000','sogon',NULL,10),(38,'2024-04-22 19:11:00.000000',18,'2024-03-31 19:11:00.000000','sogon',NULL,10),(39,'2024-04-22 19:11:00.000000',18,'2024-03-31 19:11:00.000000','sogon',NULL,9),(40,'2024-04-22 19:11:00.000000',18,'2024-03-31 19:11:00.000000','sogon',NULL,9),(41,'2024-04-22 19:11:00.000000',18,'2024-03-31 19:11:00.000000','unused',NULL,9),(42,'2024-04-22 19:11:00.000000',18,'2024-03-31 19:11:00.000000','sogon',NULL,8),(43,'2024-04-22 19:11:00.000000',18,'2024-03-31 19:11:00.000000','unused',NULL,8),(44,'2024-04-22 19:11:00.000000',18,'2024-03-31 19:11:00.000000','sogon',NULL,8),(45,'2024-04-22 19:11:00.000000',18,'2024-03-31 19:11:00.000000','sogon',NULL,7),(46,'2024-04-22 19:11:00.000000',18,'2024-03-31 19:11:00.000000','sogon',NULL,7),(47,'2024-04-22 19:11:00.000000',18,'2024-03-31 19:11:00.000000','unused',NULL,7),(48,'2024-04-22 19:11:00.000000',18,'2024-03-31 19:11:00.000000','sogon',NULL,7),(49,'2024-04-22 19:11:00.000000',18,'2024-03-31 19:11:00.000000','sogon',NULL,7),(50,'2024-04-22 19:11:00.000000',18,'2024-03-31 19:11:00.000000','sogon',NULL,7),(51,'2024-04-22 19:11:00.000000',18,'2024-03-31 19:11:00.000000','sogon',NULL,7),(52,'2024-04-22 19:11:00.000000',18,'2024-03-31 19:11:00.000000','unused',NULL,7),(53,'2024-04-22 19:11:00.000000',18,'2024-03-31 19:11:00.000000','sogon',NULL,7),(54,'2024-04-22 19:11:00.000000',19,'2024-03-31 19:11:00.000000','unused',NULL,7),(55,'2024-04-22 19:11:00.000000',19,'2024-03-31 19:11:00.000000','unused',NULL,7),(56,'2024-04-22 19:11:00.000000',19,'2024-03-31 19:11:00.000000','unused',NULL,7),(57,'2024-04-22 19:11:00.000000',19,'2024-03-31 19:11:00.000000','unused',NULL,7),(58,'2024-04-22 19:11:00.000000',19,'2024-03-31 19:11:00.000000','unused',NULL,7),(59,'2024-04-22 19:11:00.000000',19,'2024-03-31 19:11:00.000000','unused',NULL,7),(60,'2024-04-22 19:11:00.000000',19,'2024-03-31 19:11:00.000000','used','2024-03-31 19:25:00.000000',8),(61,'2024-04-22 19:11:00.000000',19,'2024-03-31 19:11:00.000000','used','2024-03-31 19:25:00.000000',8),(62,'2024-04-22 19:11:00.000000',19,'2024-03-31 19:11:00.000000','used','2024-03-31 19:25:00.000000',8),(63,'2024-04-22 19:11:00.000000',19,'2024-03-31 19:11:00.000000','unused',NULL,8),(64,'2024-04-22 19:11:00.000000',19,'2024-03-31 19:11:00.000000','unused',NULL,8),(65,'2024-04-22 19:11:00.000000',19,'2024-03-31 19:11:00.000000','unused',NULL,8),(66,'2024-04-22 19:11:00.000000',19,'2024-03-31 19:11:00.000000','used','2024-04-01 19:23:00.000000',10),(67,'2024-04-22 19:11:00.000000',19,'2024-03-31 19:11:00.000000','used','2024-04-01 19:23:00.000000',10),(68,'2024-04-22 19:11:00.000000',19,'2024-03-31 19:11:00.000000','unused',NULL,10),(69,'2024-04-22 19:11:00.000000',15,'2024-03-31 19:11:00.000000','unused',NULL,5),(70,'2024-04-22 19:11:00.000000',15,'2024-03-31 19:11:00.000000','used','2024-04-01 19:23:00.000000',5),(71,'2024-04-22 19:11:00.000000',15,'2024-03-31 19:11:00.000000','unused',NULL,5),(72,'2024-04-22 19:11:00.000000',15,'2024-03-31 19:11:00.000000','unused',NULL,5),(73,'2024-04-22 19:11:00.000000',15,'2024-03-31 19:11:00.000000','unused',NULL,5),(74,'2024-04-22 19:11:00.000000',15,'2024-03-31 19:11:00.000000','used','2024-03-31 19:25:00.000000',5),(75,'2024-04-22 19:11:00.000000',15,'2024-03-31 19:11:00.000000','used','2024-03-31 19:25:00.000000',5),(76,'2024-04-22 19:11:00.000000',15,'2024-03-31 19:11:00.000000','used','2024-03-31 19:25:00.000000',5),(77,'2024-04-22 19:11:00.000000',18,'2024-03-31 19:11:00.000000','used','2024-04-01 19:23:00.000000',5),(78,'2024-04-22 19:11:00.000000',18,'2024-03-31 19:11:00.000000','used','2024-04-01 19:23:00.000000',5),(79,'2024-04-22 19:11:00.000000',18,'2024-03-31 19:11:00.000000','unused',NULL,5),(80,'2024-04-22 19:11:00.000000',18,'2024-03-31 19:11:00.000000','used','2024-04-01 19:23:00.000000',5),(81,'2024-04-22 19:11:00.000000',18,'2024-03-31 19:11:00.000000','used','2024-03-31 19:30:00.000000',5),(82,'2024-04-22 19:11:00.000000',18,'2024-03-31 19:11:00.000000','used','2024-03-31 19:25:00.000000',3),(83,'2024-04-22 19:11:00.000000',18,'2024-03-31 19:11:00.000000','used','2024-04-01 19:23:00.000000',3),(84,'2024-04-22 19:11:00.000000',18,'2024-03-31 19:11:00.000000','used','2024-03-31 19:25:00.000000',2),(85,'2024-04-22 19:11:00.000000',18,'2024-03-31 19:11:00.000000','used','2024-03-31 19:25:00.000000',2),(86,'2024-04-22 19:11:00.000000',18,'2024-03-31 19:11:00.000000','used','2024-04-01 19:23:00.000000',2),(87,'2024-04-22 19:11:00.000000',18,'2024-03-31 19:11:00.000000','used','2024-04-01 19:23:00.000000',2),(88,'2024-04-22 19:11:00.000000',18,'2024-03-31 19:11:00.000000','used','2024-03-31 21:27:00.000000',1),(89,'2024-04-22 19:11:00.000000',18,'2024-03-31 19:11:00.000000','used','2024-04-01 19:23:00.000000',1),(90,'2024-04-22 19:11:00.000000',18,'2024-03-31 19:11:00.000000','used','2024-04-01 19:23:00.000000',5),(91,'2024-04-22 19:11:00.000000',18,'2024-03-31 19:11:00.000000','used','2024-04-01 19:23:00.000000',5),(92,'2024-04-20 19:11:00.000000',18,'2024-04-02 11:11:00.000000','sogon',NULL,2),(93,'2024-04-20 19:11:00.000000',18,'2024-04-02 11:11:00.000000','sogon',NULL,2),(94,'2024-04-20 19:11:00.000000',18,'2024-04-02 11:11:00.000000','used','2024-04-02 09:23:00.000000',2),(95,'2024-05-02 22:54:49.994780',1,'2024-04-02 22:54:49.994752','unused',NULL,1),(96,'2024-05-02 23:02:38.832231',4,'2024-04-02 23:02:38.832203','sogon',NULL,1),(97,'2024-03-15 19:11:00.000000',27,'2024-03-15 19:11:00.000000','expired',NULL,9),(98,'2024-03-15 19:11:00.000000',27,'2024-03-15 19:11:00.000000','expired',NULL,9),(99,'2024-03-15 19:11:00.000000',27,'2024-03-15 19:11:00.000000','expired',NULL,9),(100,'2024-04-15 19:11:00.000000',27,'2024-03-15 19:11:00.000000','used','2024-03-17 19:11:00.000000',12),(101,'2024-04-15 19:11:00.000000',27,'2024-03-15 19:11:00.000000','used','2024-03-19 21:11:00.000000',12),(102,'2024-04-15 19:11:00.000000',27,'2024-03-15 19:11:00.000000','used','2024-03-24 15:12:00.000000',12),(103,'2024-04-15 19:11:00.000000',27,'2024-03-15 19:11:00.000000','used','2024-04-02 16:27:00.000000',12),(104,'2024-04-15 19:11:00.000000',27,'2024-03-15 19:11:00.000000','used','2024-03-20 19:11:00.000000',12),(105,'2024-04-15 19:11:00.000000',27,'2024-03-16 19:11:00.000000','used','2024-03-20 19:11:00.000000',13),(106,'2024-04-16 19:11:00.000000',27,'2024-03-16 19:11:00.000000','used','2024-03-22 19:11:00.000000',13),(107,'2024-04-16 19:11:00.000000',27,'2024-03-16 19:11:00.000000','used','2024-03-22 19:11:00.000000',17),(108,'2024-04-16 19:11:00.000000',27,'2024-03-16 19:11:00.000000','used','2024-03-21 19:11:00.000000',17),(109,'2024-04-16 19:11:00.000000',27,'2024-03-16 19:11:00.000000','used','2024-03-21 19:11:00.000000',17),(110,'2024-04-16 19:11:00.000000',27,'2024-03-16 19:11:00.000000','used','2024-03-21 19:11:00.000000',17),(111,'2024-04-16 19:11:00.000000',27,'2024-03-16 19:11:00.000000','sogon',NULL,17),(112,'2024-04-16 19:11:00.000000',27,'2024-03-18 18:11:00.000000','sogon',NULL,17),(113,'2024-04-18 18:11:00.000000',27,'2024-03-18 18:11:00.000000','unused',NULL,17),(114,'2024-04-19 18:11:00.000000',27,'2024-03-19 18:11:00.000000','used','2024-03-26 19:11:00.000000',13),(115,'2024-04-19 18:11:00.000000',27,'2024-03-19 18:11:00.000000','used','2024-04-01 19:11:00.000000',13),(116,'2024-04-19 18:11:00.000000',27,'2024-03-19 18:11:00.000000','used','2024-03-27 19:11:00.000000',13),(117,'2024-04-19 18:11:00.000000',27,'2024-03-19 18:11:00.000000','used','2024-04-02 19:11:00.000000',13),(118,'2024-04-19 18:11:00.000000',27,'2024-03-19 18:11:00.000000','used','2024-03-21 19:25:00.000000',13),(119,'2024-04-19 18:11:00.000000',27,'2024-03-19 18:11:00.000000','used','2024-03-24 19:25:00.000000',13),(120,'2024-04-19 18:11:00.000000',27,'2024-03-19 18:11:00.000000','used','2024-03-25 19:25:00.000000',13),(121,'2024-04-19 18:11:00.000000',27,'2024-03-19 18:11:00.000000','used','2024-03-21 19:25:00.000000',13),(122,'2024-04-20 18:11:00.000000',27,'2024-03-20 18:11:00.000000','used','2024-03-26 19:25:00.000000',14),(123,'2024-04-20 18:11:00.000000',27,'2024-03-20 18:11:00.000000','used','2024-03-26 19:25:00.000000',14),(124,'2024-04-20 18:11:00.000000',27,'2024-03-20 18:11:00.000000','used','2024-03-23 19:25:00.000000',14),(125,'2024-04-20 18:11:00.000000',27,'2024-03-20 18:11:00.000000','used','2024-03-21 19:25:00.000000',14),(126,'2024-04-20 18:11:00.000000',27,'2024-03-20 18:11:00.000000','unused',NULL,14),(127,'2024-04-21 18:11:00.000000',27,'2024-03-21 18:11:00.000000','unused',NULL,14),(128,'2024-04-21 18:11:00.000000',27,'2024-03-21 18:11:00.000000','unused',NULL,14),(129,'2024-04-21 18:11:00.000000',27,'2024-03-21 18:11:00.000000','unused',NULL,14),(130,'2024-04-21 18:11:00.000000',27,'2024-03-21 18:11:00.000000','unused',NULL,14),(131,'2024-04-21 18:11:00.000000',27,'2024-03-21 18:11:00.000000','unused',NULL,14),(132,'2024-04-21 18:11:00.000000',27,'2024-03-21 18:11:00.000000','unused',NULL,14),(133,'2024-04-21 18:11:00.000000',27,'2024-03-21 18:11:00.000000','unused',NULL,14),(134,'2024-04-21 18:11:00.000000',27,'2024-03-21 18:11:00.000000','unused',NULL,14),(135,'2024-04-21 18:11:00.000000',27,'2024-03-21 18:11:00.000000','unused',NULL,14),(136,'2024-04-21 18:11:00.000000',27,'2024-03-21 18:11:00.000000','unused',NULL,14),(137,'2024-04-12 18:11:00.000000',27,'2024-03-22 18:11:00.000000','unused',NULL,16),(138,'2024-04-12 18:11:00.000000',27,'2024-03-22 18:11:00.000000','unused',NULL,16),(139,'2024-04-12 18:11:00.000000',27,'2024-03-22 18:11:00.000000','unused',NULL,16),(140,'2024-04-12 18:11:00.000000',27,'2024-03-22 18:11:00.000000','unused',NULL,16),(141,'2024-04-12 18:11:00.000000',28,'2024-03-23 18:11:00.000000','unused',NULL,16),(142,'2024-04-12 18:11:00.000000',28,'2024-03-23 18:11:00.000000','unused',NULL,16),(143,'2024-04-12 18:11:00.000000',28,'2024-03-23 18:11:00.000000','unused',NULL,16),(144,'2024-04-12 18:11:00.000000',27,'2024-03-10 18:11:00.000000','unused',NULL,16),(145,'2024-04-12 18:11:00.000000',27,'2024-03-10 18:11:00.000000','unused',NULL,16),(146,'2024-04-12 18:11:00.000000',27,'2024-03-11 18:11:00.000000','unused',NULL,16),(147,'2024-04-12 18:11:00.000000',27,'2024-03-11 18:11:00.000000','unused',NULL,16),(148,'2024-04-12 18:11:00.000000',27,'2024-03-11 18:11:00.000000','unused',NULL,16),(149,'2024-04-12 18:11:00.000000',27,'2024-03-12 18:11:00.000000','unused',NULL,16),(150,'2024-04-12 18:11:00.000000',27,'2024-03-12 18:11:00.000000','unused',NULL,15),(151,'2024-04-12 18:11:00.000000',27,'2024-03-12 18:11:00.000000','unused',NULL,15),(152,'2024-04-12 18:11:00.000000',27,'2024-03-13 18:11:00.000000','unused',NULL,15),(153,'2024-04-12 18:11:00.000000',27,'2024-03-14 18:11:00.000000','unused',NULL,14),(154,'2024-04-12 18:11:00.000000',27,'2024-03-15 18:11:00.000000','unused',NULL,14),(155,'2024-04-12 18:11:00.000000',27,'2024-03-15 18:11:00.000000','unused',NULL,14),(156,'2024-04-12 18:11:00.000000',27,'2024-03-13 18:11:00.000000','unused',NULL,14),(157,'2024-04-12 18:11:00.000000',27,'2024-03-13 18:11:00.000000','sogon',NULL,14),(158,'2024-04-12 18:11:00.000000',27,'2024-03-14 18:11:00.000000','sogon',NULL,13),(159,'2024-04-12 18:11:00.000000',27,'2024-03-22 18:11:00.000000','unused',NULL,13),(160,'2024-04-12 18:11:00.000000',27,'2024-03-22 18:11:00.000000','unused',NULL,13),(161,'2024-04-12 18:11:00.000000',27,'2024-03-22 18:11:00.000000','unused',NULL,12),(162,'2024-04-12 18:11:00.000000',27,'2024-03-24 18:11:00.000000','unused',NULL,12),(163,'2024-04-12 18:11:00.000000',27,'2024-03-24 18:11:00.000000','unused',NULL,12),(164,'2024-04-12 18:11:00.000000',27,'2024-03-24 18:11:00.000000','unused',NULL,12),(165,'2024-04-12 18:11:00.000000',27,'2024-03-24 18:11:00.000000','unused',NULL,12),(166,'2024-04-12 18:11:00.000000',27,'2024-03-25 18:11:00.000000','unused',NULL,12),(167,'2024-04-12 18:11:00.000000',27,'2024-03-26 18:11:00.000000','unused',NULL,17),(168,'2024-04-12 18:11:00.000000',27,'2024-03-26 18:11:00.000000','unused',NULL,17),(169,'2024-04-12 18:11:00.000000',27,'2024-03-26 18:11:00.000000','unused',NULL,17),(170,'2024-04-12 18:11:00.000000',27,'2024-03-26 18:11:00.000000','sogon',NULL,17),(171,'2024-04-12 18:11:00.000000',27,'2024-03-27 18:11:00.000000','unused',NULL,15),(172,'2024-04-12 18:11:00.000000',27,'2024-03-28 18:11:00.000000','unused',NULL,15),(173,'2024-04-12 18:11:00.000000',27,'2024-03-28 18:11:00.000000','unused',NULL,13),(174,'2024-04-12 18:11:00.000000',27,'2024-03-28 18:11:00.000000','unused',NULL,13),(175,'2024-04-12 18:11:00.000000',27,'2024-03-28 18:11:00.000000','unused',NULL,13),(176,'2024-04-12 18:11:00.000000',27,'2024-03-31 18:11:00.000000','unused',NULL,14),(177,'2024-04-12 18:11:00.000000',27,'2024-03-31 18:11:00.000000','unused',NULL,14),(178,'2024-04-12 18:11:00.000000',27,'2024-03-31 18:11:00.000000','sogon',NULL,14),(179,'2024-04-12 18:11:00.000000',27,'2024-03-31 18:11:00.000000','unused',NULL,14),(180,'2024-04-12 18:11:00.000000',27,'2024-04-01 18:11:00.000000','unused',NULL,14),(181,'2024-04-12 18:11:00.000000',27,'2024-04-01 18:11:00.000000','unused',NULL,14),(182,'2024-04-12 18:11:00.000000',27,'2024-04-01 18:11:00.000000','unused',NULL,14),(183,'2024-04-12 18:11:00.000000',27,'2024-04-02 18:11:00.000000','unused',NULL,14),(184,'2024-04-12 18:11:00.000000',27,'2024-04-02 18:11:00.000000','unused',NULL,14),(185,'2024-04-12 18:11:00.000000',27,'2024-04-02 18:11:00.000000','unused',NULL,14),(186,'2024-04-14 09:09:18.188280',17,'2024-04-04 09:09:18.188280','unused',NULL,1),(187,'2024-04-14 09:11:58.018375',17,'2024-04-04 09:11:58.018375','unused',NULL,1),(188,'2024-04-14 09:18:43.117608',17,'2024-04-04 09:18:43.117608','unused',NULL,1),(189,'2024-04-14 09:19:23.520065',17,'2024-04-04 09:19:23.520065','unused',NULL,1),(190,'2024-04-14 09:19:23.520065',17,'2024-04-04 09:19:23.520065','unused',NULL,1),(191,'2024-04-14 09:19:23.520065',17,'2024-04-04 09:19:23.520065','unused',NULL,1),(192,'2024-04-14 09:19:23.520065',17,'2024-04-04 09:19:23.520065','unused',NULL,2),(193,'2024-04-14 09:19:23.520065',17,'2024-04-04 09:19:23.520065','unused',NULL,2),(194,'2024-04-14 09:19:23.521065',17,'2024-04-04 09:19:23.521065','unused',NULL,3),(195,'2024-04-14 09:19:23.521065',17,'2024-04-04 09:19:23.521065','unused',NULL,4),(196,'2024-04-14 09:19:23.521065',17,'2024-04-04 09:19:23.521065','unused',NULL,4),(197,'2024-04-14 09:19:23.521065',17,'2024-04-04 09:19:23.521065','unused',NULL,5),(198,'2024-04-14 09:19:23.521065',17,'2024-04-04 09:19:23.521065','unused',NULL,6),(199,'2024-04-14 09:19:23.521065',17,'2024-04-04 09:19:23.521065','unused',NULL,7),(200,'2024-05-04 10:33:24.164153',18,'2024-04-04 10:33:24.164146','unused',NULL,3),(201,'2024-05-04 10:34:03.803230',18,'2024-04-04 10:34:03.803223','unused',NULL,1);
/*!40000 ALTER TABLE `SOCON` ENABLE KEYS */;
UNLOCK TABLES;

--
-- Table structure for table `SOGON`
--

DROP TABLE IF EXISTS `SOGON`;
/*!40101 SET @saved_cs_client     = @@character_set_client */;
/*!50503 SET character_set_client = utf8mb4 */;
CREATE TABLE `SOGON` (
  `sogon_id` int NOT NULL AUTO_INCREMENT,
  `content` varchar(255) NOT NULL,
  `created_at` datetime(6) NOT NULL,
  `expired_at` datetime(6) NOT NULL,
  `image1` varchar(255) DEFAULT NULL,
  `image2` varchar(255) DEFAULT NULL,
  `is_picked` tinyint(1) NOT NULL DEFAULT '0',
  `lat` double NOT NULL,
  `lng` double NOT NULL,
  `member_id` int NOT NULL,
  `title` varchar(255) NOT NULL,
  `socon_id` int DEFAULT NULL,
  PRIMARY KEY (`sogon_id`),
  KEY `FK3pnyxvgyadxrwch2adurva46e` (`socon_id`),
  CONSTRAINT `FK3pnyxvgyadxrwch2adurva46e` FOREIGN KEY (`socon_id`) REFERENCES `SOCON` (`socon_id`)
) ENGINE=InnoDB AUTO_INCREMENT=81 DEFAULT CHARSET=utf8mb4 COLLATE=utf8mb4_0900_ai_ci;
/*!40101 SET character_set_client = @saved_cs_client */;

--
-- Dumping data for table `SOGON`
--

LOCK TABLES `SOGON` WRITE;
/*!40000 ALTER TABLE `SOGON` DISABLE KEYS */;
INSERT INTO `SOGON` VALUES (39,'Content1','2024-04-02 09:53:00.000000','2024-04-03 09:53:00.000000','https://cataas.com/cat',NULL,0,35.20519604171862,126.81215629814739,15,'Title1',21),(40,'Content2','2024-04-02 10:53:00.000000','2024-04-03 10:53:00.000000','https://cataas.com/cat','https://cataas.com/cat',0,126.81161887941315,127.6789,15,'Title2',20),(41,'Content3','2024-04-02 11:20:00.000000','2024-04-03 11:20:00.000000','https://cataas.com/cat',NULL,0,35.205149094313924,126.80724072072432,16,'Title3',18),(42,'Content4','2024-04-02 12:01:00.000000','2024-04-03 12:01:00.000000','https://cataas.com/cat',NULL,0,35.20560811231894,126.80935894390255,16,'Title4',19),(43,'Content5','2024-04-02 12:21:00.000000','2024-04-03 12:21:00.000000','https://cataas.com/cat',NULL,0,35.20474395026987,126.8109484103492,19,'Title5',17),(44,'Content6','2024-04-02 12:53:00.000000','2024-04-03 12:53:00.000000','https://cataas.com/cat','https://cataas.com/cat',0,35.20391175095989,126.81388504916534,17,'Title6',16),(45,'Content7','2024-04-02 13:01:00.000000','2024-04-03 13:01:00.000000','https://cataas.com/cat',NULL,0,35.205452761916874,126.8109484103492,17,'Title7',15),(46,'Content8','2024-04-02 13:10:00.000000','2024-04-03 13:10:00.000000','https://cataas.com/cat',NULL,0,35.20076856799128,126.80724072072432,17,'Title8',14),(47,'Content9','2024-04-02 13:15:00.000000','2024-04-03 13:15:00.000000','https://cataas.com/cat','https://cataas.com/cat',0,35.20411544430678,126.81092958059561,19,'Title9',13),(48,'Content10','2024-04-02 13:42:00.000000','2024-04-03 13:42:00.000000','https://cataas.com/cat','https://cataas.com/cat',0,35.20379703788881,126.8128176850169,19,'Title10',11),(49,'Content11','2024-04-02 13:54:00.000000','2024-04-03 13:54:00.000000','https://cataas.com/cat','https://cataas.com/cat',0,35.20608011138908,126.81092958059563,18,'Title11',10),(50,'Content12','2024-04-02 14:21:00.000000','2024-04-03 14:21:00.000000','https://cataas.com/cat',NULL,0,35.20571560673653,126.80724072072432,18,'Title12',8),(51,'출근하기 딱좋네요..','2024-04-03 14:38:11.748046','2024-04-04 14:38:11.700020','https://cataas.com/cat',NULL,0,35.205192041718625,253.62430359629477,27,'좋은 아침 입니당',111),(52,'출근하기 딱좋네요..','2024-04-03 14:38:30.344923','2024-04-04 14:38:30.270954','https://cataas.com/cat',NULL,0,35.205438171862006,253.62422559629476,27,'좋은 아침 입니당',112),(53,'test','2024-04-03 16:54:01.714306','2024-04-04 16:54:01.655431',NULL,NULL,0,35.2056483,253.623581,4,'test',96),(54,'test','2024-04-03 17:05:09.250459','2024-04-04 17:05:09.238707',NULL,NULL,0,35.2056543,253.623599,18,'test',12),(55,'안녕하세요','2024-04-03 20:22:08.545409','2024-04-04 20:22:08.488535',NULL,NULL,0,35.204113,126.8071767,27,'첫 소곤 입니당',170),(56,'안녕하세요','2024-04-03 20:23:52.214694','2024-04-04 20:23:52.202392',NULL,NULL,0,35.204112,126.8071917,27,'첫 소곤 입니당',157),(57,'안녕하세요','2024-04-03 20:24:39.610780','2024-04-04 20:24:39.600123',NULL,NULL,0,35.204109,126.8071777,27,'첫 소곤 입니당',158),(58,'test','2024-04-03 22:01:42.543828','2024-04-04 22:01:42.531709',NULL,NULL,0,35.204116,126.8071737,27,'test',178),(59,'test','2024-04-03 22:08:53.670830','2024-04-04 22:08:53.660334',NULL,NULL,0,35.20284830000001,126.811698,18,'test',93),(60,'수근수근','2024-04-04 03:58:10.610436','2024-04-05 03:58:10.583957',NULL,NULL,0,35.1722884,126.8166385,18,'소곤소곤',92),(61,'testestset','2024-04-04 05:16:57.915697','2024-04-05 05:16:57.901789',NULL,NULL,0,35.2028443,126.811686,18,'testsetsete',40),(62,'gg','2024-04-04 05:21:33.746030','2024-04-05 05:21:33.735306',NULL,NULL,0,35.2038387,126.81040109999999,18,'gg',38),(63,'귀엽죠','2024-04-04 06:03:54.073420','2024-04-05 06:03:54.060915',NULL,NULL,0,35.190186999999995,126.81108429999999,18,'메타몽 잡았어요!',42),(64,'귀엽죠??','2024-04-04 06:04:33.776461','2024-04-05 06:04:33.764713',NULL,NULL,0,35.190196400000005,126.81108010000001,18,'메타몽 잡았어요!',44),(65,'test','2024-04-04 06:06:11.904544','2024-04-05 06:06:11.893941',NULL,NULL,0,35.1722861,126.81664690000001,18,'testtest',3),(66,'test,','2024-04-04 06:06:30.148856','2024-04-05 06:06:30.138669',NULL,NULL,0,35.1722997,126.8166301,18,'testtest3',48),(67,' nice','2024-04-04 08:46:45.143711','2024-04-05 08:46:45.112000','sogon/picker/test_image',NULL,0,35.2056583,126.811788,18,'Hello',53),(68,'sogonsogn','2024-04-04 08:51:41.371450','2024-04-05 08:51:41.360763','null/picker/test_image',NULL,0,35.2087673,126.8093323,18,'sogonsogon',30),(69,'H~!','2024-04-04 08:52:28.159355','2024-04-05 08:52:28.147149','null/picker/test_image',NULL,0,35.207517,126.80709630000001,18,'sogon!!',33),(70,'shong','2024-04-04 08:53:14.557259','2024-04-05 08:53:14.544674','null/picker/test_image',NULL,0,35.208115299999996,126.8093023,18,'sugonsugun',51),(71,'sisisi','2024-04-04 08:53:55.933876','2024-04-05 08:53:55.923389','null/picker/test_image',NULL,0,35.204115,126.8071777,18,'bububu',50),(72,'buk','2024-04-04 08:55:00.396008','2024-04-05 08:55:00.150535','null/picker/test_image',NULL,0,35.204103,126.8071797,18,'bukj',49),(73,'sugeun','2024-04-04 08:55:23.853491','2024-04-05 08:55:23.842381','null/picker/test_image',NULL,0,35.204109,126.8071807,18,'sugeunM',28),(74,'nunu','2024-04-04 08:56:05.275292','2024-04-05 08:56:05.264935','null/picker/test_image',NULL,0,35.204043999999996,126.8065473,18,'nuis',31),(75,'sugun!','2024-04-04 08:56:34.862146','2024-04-05 08:56:34.851884','null/picker/test_image',NULL,0,35.203854,126.8068523,18,'sugun',39),(76,'gngn','2024-04-04 08:57:04.524501','2024-04-05 08:57:04.512277','null/picker/test_image',NULL,0,35.2040003,126.8069923,18,'gaga',37),(77,'bobo','2024-04-04 08:57:25.721168','2024-04-05 08:57:25.708753','null/picker/test_image',NULL,0,35.2040173,126.8069733,18,'bnbn',35),(78,'xnxn','2024-04-04 08:58:07.027620','2024-04-05 08:58:07.017588','null/picker/test_image',NULL,0,35.204009299999996,126.8069883,18,'sogonsogn',8),(79,'gugu','2024-04-04 08:58:56.888699','2024-04-05 08:58:56.877827','null/picker/test_image',NULL,0,35.2026093,126.811183,18,'soso',46),(80,'time','2024-04-04 09:35:19.813177','2024-04-05 09:35:19.801905','https://firebasestorage.googleapis.com/v0/b/socon-socon.appspot.com/o/images%2Fsocon%2Fgimbap.png?alt=media&token=89ee3277-cf77-4e9d-b02e-8eb80996e965',NULL,0,35.2025973,126.811182,18,'show',45);
/*!40000 ALTER TABLE `SOGON` ENABLE KEYS */;
UNLOCK TABLES;

--
-- Table structure for table `STORE`
--

DROP TABLE IF EXISTS `STORE`;
/*!40101 SET @saved_cs_client     = @@character_set_client */;
/*!50503 SET character_set_client = utf8mb4 */;
CREATE TABLE `STORE` (
  `store_id` int NOT NULL AUTO_INCREMENT,
  `address` varchar(255) NOT NULL,
  `category` varchar(255) DEFAULT NULL,
  `closing_planned` date DEFAULT NULL,
  `createdAt` date NOT NULL,
  `image` varchar(255) DEFAULT NULL,
  `introduction` varchar(255) DEFAULT NULL,
  `is_closed` tinyint(1) NOT NULL DEFAULT '0',
  `lat` double NOT NULL,
  `lng` double NOT NULL,
  `member_id` int NOT NULL,
  `name` varchar(255) NOT NULL,
  `phone_number` varchar(255) DEFAULT NULL,
  `registration_number_id` int DEFAULT NULL,
  PRIMARY KEY (`store_id`),
  KEY `FKq7cpne61q1810o54e4s1o697s` (`registration_number_id`),
  CONSTRAINT `FKq7cpne61q1810o54e4s1o697s` FOREIGN KEY (`registration_number_id`) REFERENCES `BUSINESS_REGISTRATION` (`registration_number_id`)
) ENGINE=InnoDB AUTO_INCREMENT=71 DEFAULT CHARSET=utf8mb4 COLLATE=utf8mb4_0900_ai_ci;
/*!40101 SET character_set_client = @saved_cs_client */;

--
-- Dumping data for table `STORE`
--

LOCK TABLES `STORE` WRITE;
/*!40000 ALTER TABLE `STORE` DISABLE KEYS */;
INSERT INTO `STORE` VALUES (23,'광주광역시 광산구 풍영로229번안길 2-3','음식점',NULL,'2024-03-27','https://cataas.com/cat','꼬마김밥맛집',0,35.192241312197,126.81366042544,18,'늘솜꼬마김밥2','010-1234-5678',5),(24,'광주광역시 광산구 풍영로229번안길 2-2','음식점','2024-04-02','2024-03-31','https://cataas.com/cat','광주 가성비좋은 꼬마김밥 분식점',0,35.192241312196,126.81366042543,18,'늘솜꼬마김밥','010-2222-4444',4),(25,'광주광역시 광산구 풍영로229번안길 2-11','카페',NULL,'2024-03-31','https://cataas.com/cat','커피파는곳',0,23.123123,23.123123,19,'엔제리너스','010-1111-1111',7),(28,'klyuilyuil','미용',NULL,'2024-04-03','','wqtuyutreweeeee',0,0,0,18,'asdfasg','2534264537',4),(29,'wwww','미용',NULL,'2024-04-03','/data/user/0/site.boongbang.socon/cache/5f1b0254-41d1-4ff8-97c6-b627cc3b7b3d/1000000034.jpg','eeryerhrh',0,0,0,18,'weewe','34677356456',4),(30,'hj','미용',NULL,'2024-04-03','/data/user/0/site.boongbang.socon/cache/5f1b0254-41d1-4ff8-97c6-b627cc3b7b3d/1000000034.jpg','rtyey',0,0,0,18,'ruyiryi','008676543',4),(31,'가게주소','음식점',NULL,'2024-04-03','/data/user/0/site.boongbang.socon/cache/4f9413d0-7d01-43c5-b5f5-be2378ffe942/1000000034.jpg','가게소개',0,0,0,18,'상호명	','010-2340-8592',4),(32,'','',NULL,'2024-04-03','','',0,0,0,18,'','',4),(33,'','',NULL,'2024-04-03','','',0,0,0,18,'','',5),(34,'광주광역시 광산구 ','음식점',NULL,'2024-01-16','https://cataas.com/cat','가게설명',0,35.196124017846955,126.81513919249973,26,'가게명1','010-1031-4922',8),(35,'광주광역시 광산구 ','음식점',NULL,'2024-01-16','https://cataas.com/cat','가게설명',0,35.19563313409662,126.81537089509402,27,'가게명2','010-2311-5923',9),(36,'광주광역시 광산구 ','음식점',NULL,'2024-01-16','https://cataas.com/cat','가게설명',0,35.195122091456824,126.81420812556348,28,'가게명3','010-3920-3242',10),(37,'광주광역시 광산구 ','음식점',NULL,'2024-01-16','https://cataas.com/cat','가게설명',0,35.19456934885742,126.8152470278365,29,'가게명3','010-2782-3924',11),(38,'광주광역시 광산구 ','음식점',NULL,'2024-01-16','https://cataas.com/cat','가게설명',0,35.1926251164865,126.81406008899812,30,'가게명4','010-2831-2324',12),(39,'광주광역시 광산구 ','음식점',NULL,'2024-01-16','https://cataas.com/cat','가게설명',0,35.19136742104781,126.81385982580966,31,'가게명4','010-3824-9482',13),(40,'광주광역시 광산구 ','음식점',NULL,'2024-01-16','https://cataas.com/cat','가게설명',0,35.190404258731334,126.81177586108493,32,'가게명5','010-8283-8523',14),(41,'광주광역시 광산구 ','음식점',NULL,'2024-02-16','https://cataas.com/cat','가게설명',0,35.18924007995606,126.81085625608969,33,'가게명6','010-2839-8592',15),(42,'광주광역시 광산구 ','음식점',NULL,'2024-02-16','https://cataas.com/cat','가게설명',0,35.189359293503934,126.81509412718015,34,'가게명7','010-2842-6463',16),(43,'광주광역시 광산구 ','음식점',NULL,'2024-02-16','https://cataas.com/cat','가게설명',0,35.18987860679723,126.81876017951336,35,'가게명8','010-2842-4823',17),(44,'광주광역시 광산구 ','음식점',NULL,'2024-02-16','https://cataas.com/cat','가게설명',0,35.19107809319945,126.82536191937973,36,'가게명8','010-2745-5892',18),(45,'광주광역시 광산구 ','음식점',NULL,'2024-02-16','https://cataas.com/cat','가게설명',0,35.19167179663195,126.82767742267353,37,'가게명9','010-5892-4583',19),(46,'광주광역시 광산구 ','음식점',NULL,'2024-02-16','https://cataas.com/cat','가게설명',0,35.19109339886891,126.8297812934075,38,'가게명10','010-2842-5892',20),(47,'광주광역시 광산구 ','음식점',NULL,'2024-02-16','https://cataas.com/cat','가게설명',0,35.19192457838205,126.8311630404531,39,'가게명10','010-5125-8566',21),(48,'광주광역시 광산구 ','음식점',NULL,'2024-02-16','https://cataas.com/cat','가게설명',0,35.189703107285226,126.83142565904188,40,'가게명11','010-6452-7452',22),(49,'광주광역시 광산구 ','음식점',NULL,'2024-02-16','https://cataas.com/cat','가게설명',0,35.18739101082976,126.83133710930174,34,'가게명12','010-9602-4423',16),(50,'광주광역시 광산구 ','음식점',NULL,'2024-02-16','https://cataas.com/cat','가게설명',0,35.18739101082332,126.83133710930174,34,'가게명13','010-1111-2222',16),(51,'광주광역시 광산구 ','음식점',NULL,'2024-03-03','https://cataas.com/cat','가게설명',0,35.18739105582332,126.83133722230174,26,'가게명13','010-1111-2222',26),(52,'광주광역시 광산구 ','음식점',NULL,'2024-02-03','https://cataas.com/cat','가게설명',0,35.18711105582332,126.83133722232274,26,'가게명12','010-1111-2222',25),(53,'주송ㅇㅇ','쇼핑',NULL,'2024-04-03','/data/user/0/site.boongbang.socon/cache/7f8cb175-22d4-4b54-828b-19af26613f75/1000000033.jpg','ㅇㅇㅇㅇㅇ',0,0,0,18,'오뚜기국수','010-23450-23423',4),(54,'ttttt','미용',NULL,'2024-04-03','','t',0,0,0,18,'ooooooo','1253477',5),(55,'광주광역시 광산구','카페',NULL,'2024-04-03','','광주 제일 멋ㅈ쟁이',0,0,0,18,'광주광주','01012345678',4),(56,'장덕동 1339','카페',NULL,'2024-04-03','/data/user/0/site.boongbang.socon/cache/bc246046-9362-4d38-991a-6d17ab4ea276/1000014514.jpg','싸피',0,0,0,18,'싸피싸피','010-2345-3456',6),(68,'주소입력','카페',NULL,'2024-04-04','/data/user/0/site.boongbang.socon/cache/1eb4f8a0-520e-45f8-a47e-ef61c467cdab/1000014516.jpg','가게소개입니더',0,0,0,18,'상호명','01024558',4),(69,'어어ㅏ','스포츠',NULL,'2024-04-04','','',0,0,0,17,'퉝','여ㅕ너',27),(70,'광주광역시 장덕동 ','음식점',NULL,'2024-04-04','/data/user/0/site.boongbang.socon/cache/93fb9284-15cc-4672-a19e-0eb1a4f0ab52/1000014511.jpg','맛있는 치킨',0,0,0,46,'굽네치킨','062-245-0395',35);
/*!40000 ALTER TABLE `STORE` ENABLE KEYS */;
UNLOCK TABLES;
SET @@SESSION.SQL_LOG_BIN = @MYSQLDUMP_TEMP_LOG_BIN;
/*!40103 SET TIME_ZONE=@OLD_TIME_ZONE */;

/*!40101 SET SQL_MODE=@OLD_SQL_MODE */;
/*!40014 SET FOREIGN_KEY_CHECKS=@OLD_FOREIGN_KEY_CHECKS */;
/*!40014 SET UNIQUE_CHECKS=@OLD_UNIQUE_CHECKS */;
/*!40101 SET CHARACTER_SET_CLIENT=@OLD_CHARACTER_SET_CLIENT */;
/*!40101 SET CHARACTER_SET_RESULTS=@OLD_CHARACTER_SET_RESULTS */;
/*!40101 SET COLLATION_CONNECTION=@OLD_COLLATION_CONNECTION */;
/*!40111 SET SQL_NOTES=@OLD_SQL_NOTES */;

-- Dump completed on 2024-04-04 11:00:26
-- MySQL dump 10.13  Distrib 8.0.34, for Win64 (x86_64)
--
-- Host: socon.ch0qyikg8x7u.ap-northeast-2.rds.amazonaws.com    Database: boongbang_user
-- ------------------------------------------------------
-- Server version	8.0.33

/*!40101 SET @OLD_CHARACTER_SET_CLIENT=@@CHARACTER_SET_CLIENT */;
/*!40101 SET @OLD_CHARACTER_SET_RESULTS=@@CHARACTER_SET_RESULTS */;
/*!40101 SET @OLD_COLLATION_CONNECTION=@@COLLATION_CONNECTION */;
/*!50503 SET NAMES utf8 */;
/*!40103 SET @OLD_TIME_ZONE=@@TIME_ZONE */;
/*!40103 SET TIME_ZONE='+00:00' */;
/*!40014 SET @OLD_UNIQUE_CHECKS=@@UNIQUE_CHECKS, UNIQUE_CHECKS=0 */;
/*!40014 SET @OLD_FOREIGN_KEY_CHECKS=@@FOREIGN_KEY_CHECKS, FOREIGN_KEY_CHECKS=0 */;
/*!40101 SET @OLD_SQL_MODE=@@SQL_MODE, SQL_MODE='NO_AUTO_VALUE_ON_ZERO' */;
/*!40111 SET @OLD_SQL_NOTES=@@SQL_NOTES, SQL_NOTES=0 */;
SET @MYSQLDUMP_TEMP_LOG_BIN = @@SESSION.SQL_LOG_BIN;
SET @@SESSION.SQL_LOG_BIN= 0;

--
-- GTID state at the beginning of the backup 
--

SET @@GLOBAL.GTID_PURGED=/*!80000 '+'*/ '';

--
-- Table structure for table `Member`
--

DROP TABLE IF EXISTS `Member`;
/*!40101 SET @saved_cs_client     = @@character_set_client */;
/*!50503 SET character_set_client = utf8mb4 */;
CREATE TABLE `Member` (
  `member_id` int NOT NULL AUTO_INCREMENT,
  `account` varchar(255) DEFAULT NULL,
  `email` varchar(255) NOT NULL,
  `isAgreed` tinyint(1) DEFAULT '0',
  `name` varchar(255) NOT NULL,
  `nickname` varchar(255) NOT NULL,
  `password` varchar(255) NOT NULL,
  `phoneNumber` varchar(255) NOT NULL,
  `profileUrl` varchar(255) DEFAULT NULL,
  `role` enum('USER','MANAGER','ADMIN') DEFAULT NULL,
  `soconMoney` int NOT NULL,
  `soconPassword` varchar(255) DEFAULT NULL,
  `accountNo` varchar(255) DEFAULT NULL,
  PRIMARY KEY (`member_id`),
  UNIQUE KEY `UK_p0hytgwmegm8egg7lrjqpesp` (`nickname`)
) ENGINE=InnoDB AUTO_INCREMENT=48 DEFAULT CHARSET=utf8mb4 COLLATE=utf8mb4_0900_ai_ci;
/*!40101 SET character_set_client = @saved_cs_client */;

--
-- Dumping data for table `Member`
--

LOCK TABLES `Member` WRITE;
/*!40000 ALTER TABLE `Member` DISABLE KEYS */;
INSERT INTO `Member` VALUES (1,NULL,'1234@test.com',0,'1234','1234','$2a$10$T42vxi1fFklM5qRWwiGYXO5ods4BOZGWvUBYl3pRSMNndlSHmFUru','1234',NULL,'USER',0,NULL,NULL),(2,NULL,'1@1',0,'123','123','$2a$10$OQiHcRQ2zR0DHVXIntw0n.bMXWLee.8OHCaXcfVVVtUpkS6qckAQK','123',NULL,'USER',0,NULL,NULL),(3,NULL,'1@12',0,'123','1232','$2a$10$KvAW/MjxkQv9vA7BQXV9OuPwi8ft6btbgt8efbQy2eL09qAZjPEG2','123',NULL,'USER',0,NULL,NULL),(4,NULL,'asdf@asdf',0,'asdf','asdf','$2a$10$k7HJ3es8ylI52ss6Dqkx9exDroqhPpZnK7M46vaJTwrfo2z0VL1mq','010',NULL,'USER',0,NULL,NULL),(5,NULL,'22@',0,'123','12341','$2a$10$Etq9mH7CrMdHY6kLElae9.oDmBWSz3msdZoLERMJjVpSRL43teysC','010',NULL,'USER',0,NULL,NULL),(6,NULL,'33@',0,'22','33','$2a$10$axkVSGBFqv5gufezocwLpuVceKxAfrtFsPJRIkxBdo0vdZDHtt41a','010',NULL,'USER',0,NULL,NULL),(7,NULL,'33@12',0,'22','333','$2a$10$C8bJRpgzeowiq3jmJkSczOohAF1bXsyBCdVJE8xSZesEDWlVmPEPe','010',NULL,'USER',0,NULL,NULL),(8,NULL,'33@1223',0,'22','33312','$2a$10$AYDwq8/VdQWvsYRRLM9kt.X62yC3XfIB2FIsaGT0yVYi0fi1PGf0W','010',NULL,'USER',0,NULL,NULL),(9,NULL,'33@1223123',0,'22','33312123','$2a$10$udV2XWAc0O4XfqUZJLRpbekmnWmlK7a.5jbOgr8Xd/dGxX4lTtWa2','010',NULL,'USER',0,NULL,NULL),(10,NULL,'test@gmail.com',0,'김온유','뉴뉴','$2a$10$nDL8ZIH9qHo1erZ1NLw4GuwL2zffsl74Gt2UuVIonTtMUR7TtoCbu','01023408592',NULL,'USER',0,NULL,NULL),(12,NULL,'dd@gmail.com',0,'kkk','hello','$2a$10$XNqljF/2akNEKj86T.jU7eynFcHQQ8GHS1/BU39wyFbjmjQI3qT5y','01023408592',NULL,'USER',0,NULL,NULL),(13,NULL,'a1@naver.com',0,'a','a','$2a$10$Ph0RitJqrsQN0NxlR4X5zuu/gbKtLp0R/o.ZeI0IGdXy0peThLWcm','01012345678',NULL,'USER',0,NULL,NULL),(14,NULL,'b@naver.com',0,'b','b','$2a$10$9XKLCkDkhN04IXDGzkcci.IGNEOpBCqDUDzLt0YQ2R/j29a9cyElG','01012345678',NULL,'USER',0,NULL,NULL),(15,NULL,'ehgnl97722@gmail.com',0,'김도휘','휘리릭','$2a$10$BVrEkU2ZEKDFsjGWH99V5ex8f1uBaMWfT.aHtRiE3cLTcrysHq2.C','01012345678',NULL,'MANAGER',0,'1234','1234567-8901001,'),(16,NULL,'onyu@gmail.com',0,'kimonyu','onyu','$2a$10$5znkTg7xyERv7pCVgF3wQOYklG4l1aHSe/NWSf2GcugeGmDjOPrbO','01023408592',NULL,'USER',0,NULL,NULL),(17,NULL,'ssafy@gmail.com',0,'김싸피','싸피','$2a$10$wTrKHDKQkCMUvyhcMUUJiu/F7eh4.v1fYZyx/fjeM3AZQIxanYLx2','01012345678',NULL,'MANAGER',0,NULL,NULL),(18,'812332-01-123123','test11@gmail.com',0,'김테스트','닉네임임','$2a$10$nEuzOS3J4jQGwsddjaBnAeE3ISLBfOe7m2ZTxqrMXj9rdSmtfOv3G','01043214321',NULL,'MANAGER',600,'123112',NULL),(19,NULL,'ssafy13@gmail.com',0,'싸피싸피','kimssafy','$2a$10$CF6EA/OpYFEn7SMf5l.8QOj3o02zHuSAVRKrs4XCAjvblQiFtJoYq','01098765433',NULL,'USER',0,NULL,NULL),(20,NULL,'a@a',0,'a','a22','$2a$10$sLtOocF5rrp9k01sdUOlpussJa1FZ0mBiT5HtIE5a274cQYmxZmta','0102',NULL,'USER',0,NULL,NULL),(21,NULL,'admin@gmail.com',0,'관리자','관리자','$2a$10$O2FyQwuF29GBJtGvXthCSOGTryFgdGM3U62QaZX6.SS7i/in2unNu','01012345678',NULL,'ADMIN',0,NULL,NULL),(22,NULL,'dhmonukim24@gmail.com',0,'김다희','모누','$2a$10$MlLqqO.gmU3B2cyn6x0MfOM4jPg76Z7.2rq4HW201RKmgCIqFKVJC','01033608985',NULL,'USER',0,NULL,NULL),(23,NULL,'a@a.com',0,'김온유','오뉴오뉴','$2a$10$wFfLTxeFYFbOMNogddHyPegXjqu14XjNSe.0V4dyHWyCUmtG4Jpbq','01023408592',NULL,'USER',0,NULL,NULL),(24,NULL,'test_user@gmail.com',0,'테스트','test_nickname','$2a$10$tir3vOKkOh1/48Rzzuw7vOR9Or816g9MWwS.jrGivsLr602jWca8G','01022221111',NULL,'USER',0,NULL,NULL),(25,NULL,'haha@hoho.com',0,'하하호호','하하호호','$2a$10$G7lYm0sChSxC63QroLI49eh7QdMwLQs3819rBDX9BCSLyqyeJTIbW','01012345678',NULL,'USER',0,NULL,NULL),(26,NULL,'happy_bluebird@gmail.com',0,'김희정','해피블루벋','$2a$10$w5ywKGZqkY5JSIWhs2dUPePFq9LuwiwY0EJxtPXFxdPC/Ys1OLQnu','01013217648',NULL,'MANAGER',0,NULL,NULL),(27,NULL,'neulsom@gmail.com',0,'김은주','꼬마','$2a$10$60Dk0XPYeoynuj/48sZlnOiPA6BHgo0vllBYGkqdAzVlhvmtFVBzO','01011217648',NULL,'MANAGER',0,NULL,NULL),(28,NULL,'noodles@gmail.com',0,'백금종','아버님은짜장면이싫다','$2a$10$87IQ6XwQHFuQgqTagWHRHev/aDywyWLTR7WFKL.8lsCyCZGtgx3/.','01011215638',NULL,'MANAGER',0,NULL,NULL),(29,NULL,'aunt@gmail.com',0,'최나래','아샷추상추친추','$2a$10$GJl9dY2yWYxHvXbLmzW1TOb6g5DVhwuAfrKvECpIiUOiVWSVZSQO.','01013215428',NULL,'MANAGER',0,NULL,NULL),(30,NULL,'meat@gmail.com',0,'이승현','고기없음밥안먹음','$2a$10$xvTZ4UPnsG80/Tj.l/Gtae5j.eO1hSfU1JlyrhpU5cWbVVSIsstTi','01090213328',NULL,'MANAGER',0,NULL,NULL),(31,NULL,'bowl@gmail.com',0,'유도연','샐러드래곤','$2a$10$TFJIAkHjOgdN7xlIVEZMMuJ/QdGIEX3CPAVHwA3bO2RLh8bhcPwFC','01022380092',NULL,'MANAGER',0,NULL,NULL),(32,NULL,'cake@gmail.com',0,'박용근','르부케이크','$2a$10$pYkugQZ4VWi2UYhaam8Eeua9A5qLEOvCugy0kImJo5XEFDymr0B3e','01022302192',NULL,'MANAGER',0,NULL,NULL),(33,NULL,'kimbap2@gmail.com',0,'김윤경','킷캣킷캣킷켘','$2a$10$Lzk.Ez9QT8cq.AQWWYnPwepeQFOuigIZL1cmnvA26O/Ob6ZkdQ5Nm','01021230492',NULL,'MANAGER',0,NULL,NULL),(34,NULL,'yehyang@gmail.com',0,'박나영','김찌부찌된찌','$2a$10$TNMuNKCdyA.2CZ2pppU1reO5HNt7VRFJR2KCZVe9JDreqKz6EDtlu','01044120380',NULL,'MANAGER',0,NULL,NULL),(35,NULL,'chicken@gmail.com',0,'김성남','웅치킨웅치킨','$2a$10$HcTIe7y2eJ5rCHunvnxyxOVdS95r8bezesJug.LCPJrw/UoJh4bXy','01092012440',NULL,'MANAGER',0,NULL,NULL),(36,NULL,'hot_mara@gmail.com',0,'주서언','마라먹은마라탕','$2a$10$ub9NX2bvj4b6dG.xtfZg4efC1t0XUom3j42NdyitOw5DZKaG8LeHy','01092015240',NULL,'MANAGER',0,NULL,NULL),(37,NULL,'eel@gmail.com',0,'최복희','장어르','$2a$10$7YgqJu9Jl.YRZ1X2QaJcQu2L.yRYo8IPnGOkPdSx.a1FekrgmqbRC','0102930240',NULL,'MANAGER',0,NULL,NULL),(38,NULL,'meat_lover@gmail.com',0,'박윤석','도도도독','$2a$10$lGriC34gKZiVGM6V7j/iCeNR9zVRqsANJDNx9eE14oStpeBOdQH8S','01099823232',NULL,'MANAGER',0,NULL,NULL),(39,NULL,'jeong@gmail.com',0,'이진영','정신차려이각박한','$2a$10$aBqaTHvBdk.QnMaMzBPRJuEmhklFzXEZ5M93zZTW.njKGcmu3qSHK','01032102932',NULL,'MANAGER',0,NULL,NULL),(40,NULL,'bagle@gmail.com',0,'조윤주','뻬이ㅣㅣ글','$2a$10$mJXAqsTWiw.0Da5dtcVTr.XTS0t8EBnfPk9zB9qmdmlpB9nC3/AW2','01031182911',NULL,'MANAGER',0,NULL,NULL),(41,NULL,'two@gmail.com',0,'박윤주','떼잉','$2a$10$ghxpxa7STK8H2tXPmxJzhOYJiRzBm1hlf0SpSJXXALTxTqsI8OUa2','01034231911',NULL,'USER',0,NULL,NULL),(42,NULL,'noodle2@gmail.com',0,'최다영','김치말이국수국수','$2a$10$JUrl0.KfLct9CJTD9yPgaepbnbydSKVcckGF4Q/KynAAA7h0RjFwy','01034330211',NULL,'USER',0,NULL,NULL),(43,NULL,'test12@gmail.com',1,'test12','test12','$2a$10$rLD9BbxpwMhlh.we82ZmoeNK8dF75BOGp0roMm759mPogQ5PZPAIu','01012345678',NULL,'USER',0,NULL,NULL),(44,NULL,'dohwi@gmail.com',0,'도도휘','휘파람','$2a$10$kdPhYdFcDezhhSfp5C0ec.0wm8G3Feei.31lohUG5W8w0PCQYfqJi','01087571990',NULL,'USER',0,NULL,NULL),(45,NULL,'testtest@test.com',0,'테스트','테스트당','$2a$10$h1hHLn//zLf5mdG.byDtEuRroFB5QMQ6ZjrR0hLr1A2fyoz79oAJK','01012345678',NULL,'USER',0,NULL,NULL),(46,NULL,'dhs2340@gmail.com',0,'김온유','오뉴오','$2a$10$nG7ICu2D04LfJPwC20ZMpucfUsW/A.EGvDyQGojBEM73YZcZ0nqiG','01023408592',NULL,'MANAGER',0,NULL,NULL),(47,NULL,'testt@naver.com',0,'김싸피','ssafy','$2a$10$abYYrAr7.UqPG58OwmfChedRbpMgKzrSr84dnuC5NKm6u2SiMEK/a','01023408592',NULL,'USER',0,NULL,NULL);
/*!40000 ALTER TABLE `Member` ENABLE KEYS */;
UNLOCK TABLES;

--
-- Table structure for table `Qna`
--

DROP TABLE IF EXISTS `Qna`;
/*!40101 SET @saved_cs_client     = @@character_set_client */;
/*!50503 SET character_set_client = utf8mb4 */;
CREATE TABLE `Qna` (
  `qna_id` int NOT NULL AUTO_INCREMENT,
  `created_date` datetime(6) DEFAULT NULL,
  `modified_date` datetime(6) DEFAULT NULL,
  `content` varchar(255) NOT NULL,
  `title` varchar(255) NOT NULL,
  `member_id` int DEFAULT NULL,
  PRIMARY KEY (`qna_id`),
  KEY `FKc2yw0p6g0sfi4fwaahpuld4oa` (`member_id`),
  CONSTRAINT `FKc2yw0p6g0sfi4fwaahpuld4oa` FOREIGN KEY (`member_id`) REFERENCES `Member` (`member_id`)
) ENGINE=InnoDB DEFAULT CHARSET=utf8mb4 COLLATE=utf8mb4_0900_ai_ci;
/*!40101 SET character_set_client = @saved_cs_client */;

--
-- Dumping data for table `Qna`
--

LOCK TABLES `Qna` WRITE;
/*!40000 ALTER TABLE `Qna` DISABLE KEYS */;
/*!40000 ALTER TABLE `Qna` ENABLE KEYS */;
UNLOCK TABLES;
SET @@SESSION.SQL_LOG_BIN = @MYSQLDUMP_TEMP_LOG_BIN;
/*!40103 SET TIME_ZONE=@OLD_TIME_ZONE */;

/*!40101 SET SQL_MODE=@OLD_SQL_MODE */;
/*!40014 SET FOREIGN_KEY_CHECKS=@OLD_FOREIGN_KEY_CHECKS */;
/*!40014 SET UNIQUE_CHECKS=@OLD_UNIQUE_CHECKS */;
/*!40101 SET CHARACTER_SET_CLIENT=@OLD_CHARACTER_SET_CLIENT */;
/*!40101 SET CHARACTER_SET_RESULTS=@OLD_CHARACTER_SET_RESULTS */;
/*!40101 SET COLLATION_CONNECTION=@OLD_COLLATION_CONNECTION */;
/*!40111 SET SQL_NOTES=@OLD_SQL_NOTES */;

-- Dump completed on 2024-04-04 11:00:27
-- MySQL dump 10.13  Distrib 8.0.34, for Win64 (x86_64)
--
-- Host: socon.ch0qyikg8x7u.ap-northeast-2.rds.amazonaws.com    Database: boongbang_payment
-- ------------------------------------------------------
-- Server version	8.0.33

/*!40101 SET @OLD_CHARACTER_SET_CLIENT=@@CHARACTER_SET_CLIENT */;
/*!40101 SET @OLD_CHARACTER_SET_RESULTS=@@CHARACTER_SET_RESULTS */;
/*!40101 SET @OLD_COLLATION_CONNECTION=@@COLLATION_CONNECTION */;
/*!50503 SET NAMES utf8 */;
/*!40103 SET @OLD_TIME_ZONE=@@TIME_ZONE */;
/*!40103 SET TIME_ZONE='+00:00' */;
/*!40014 SET @OLD_UNIQUE_CHECKS=@@UNIQUE_CHECKS, UNIQUE_CHECKS=0 */;
/*!40014 SET @OLD_FOREIGN_KEY_CHECKS=@@FOREIGN_KEY_CHECKS, FOREIGN_KEY_CHECKS=0 */;
/*!40101 SET @OLD_SQL_MODE=@@SQL_MODE, SQL_MODE='NO_AUTO_VALUE_ON_ZERO' */;
/*!40111 SET @OLD_SQL_NOTES=@@SQL_NOTES, SQL_NOTES=0 */;
SET @MYSQLDUMP_TEMP_LOG_BIN = @@SESSION.SQL_LOG_BIN;
SET @@SESSION.SQL_LOG_BIN= 0;

--
-- GTID state at the beginning of the backup 
--

SET @@GLOBAL.GTID_PURGED=/*!80000 '+'*/ '';

--
-- Table structure for table `Orders`
--

DROP TABLE IF EXISTS `Orders`;
/*!40101 SET @saved_cs_client     = @@character_set_client */;
/*!50503 SET character_set_client = utf8mb4 */;
CREATE TABLE `Orders` (
  `order_id` int NOT NULL AUTO_INCREMENT,
  `impUid` varchar(255) DEFAULT NULL,
  `issueId` int NOT NULL,
  `itemName` varchar(255) DEFAULT NULL,
  `memberId` int NOT NULL,
  `orderStatus` varchar(255) DEFAULT NULL,
  `orderTime` datetime(6) DEFAULT NULL,
  `orderUid` varchar(255) DEFAULT NULL,
  `price` int NOT NULL,
  `quantity` int NOT NULL,
  PRIMARY KEY (`order_id`)
) ENGINE=InnoDB AUTO_INCREMENT=32 DEFAULT CHARSET=utf8mb4 COLLATE=utf8mb4_0900_ai_ci;
/*!40101 SET character_set_client = @saved_cs_client */;

--
-- Dumping data for table `Orders`
--

LOCK TABLES `Orders` WRITE;
/*!40000 ALTER TABLE `Orders` DISABLE KEYS */;
INSERT INTO `Orders` VALUES (1,NULL,1,'소고기불백',4,NULL,NULL,'4e4164e7-6682-4d92-9532-5c9a63c2feae',300,1),(2,'imp_381171650032',1,'참치김밥',4,'SUCCESS',NULL,'ac88940a-8b9b-4e5b-95f8-6782f970bb65',300,1),(3,'imp_985493973050',1,'김치볶음밥',4,'SUCCESS',NULL,'0edeb132-784b-45ff-9df2-7fc203cf924c',300,1),(4,'imp_324440879693',1,'오징어볶음',4,'SUCCESS',NULL,'3ba713cd-243d-4eac-b916-ea43f2150110',300,1),(5,'imp_909834437577',1,'카레라이스',4,'SUCCESS',NULL,'126df38f-a355-4033-835d-88d89de59e91',300,1),(6,'imp_490623316033',1,'소고기버섯비빔밥',4,'SUCCESS',NULL,'26e28cc1-d403-487c-b36c-56b905dc1056',300,1),(7,'imp_914540169997',1,'김치라면',4,'SUCCESS',NULL,'e8f3079a-1f30-48eb-99b8-194ca678d748',100,1),(8,NULL,1,'멸치꼬김',18,NULL,NULL,'67bc3a58-c28a-47eb-bcda-dd4f45e23ce9',300,1),(9,NULL,1,'멸치꼬김',18,NULL,NULL,'1c3ddba1-7a18-440e-b626-4d6cc19d4390',300,1),(10,NULL,1,'멸치꼬김',18,NULL,NULL,'40daff33-56c4-466e-a03c-5ec51f61e535',300,1),(11,NULL,1,'멸치꼬김',18,NULL,NULL,'b9184b29-d438-4317-9131-fe6c1b4e0ab1',300,1),(12,NULL,1,'멸치꼬김',18,NULL,NULL,'ef17f687-bcf0-468d-bfb8-95e61a979bff',300,1),(13,NULL,1,'멸치꼬김',18,NULL,NULL,'45fd622e-8c2a-4a50-a1bd-f21e63924651',300,2),(14,NULL,1,'멸치꼬김',18,NULL,NULL,'03fe85e4-24b8-45e6-b019-d81246a13dd7',300,2),(15,NULL,1,'멸치꼬김',18,NULL,NULL,'c67d152f-ccf0-4318-a769-cd7455b7b86b',300,2),(16,NULL,1,'멸치꼬김',18,NULL,NULL,'ba8bd9de-92a4-4b4e-873a-d9597bcb99bb',300,2),(17,NULL,1,'멸치꼬김',18,NULL,NULL,'78e2de29-86ab-470e-b066-2964f5ed5dfa',300,2),(18,NULL,2,'유부꼬김',18,NULL,NULL,'d217e3a4-a83c-4607-b54b-483f3baf0427',400,1),(19,NULL,2,'유부꼬김',18,NULL,NULL,'1ce595a5-9c9e-4c0b-9c69-a5d5c7032faa',400,1),(20,NULL,2,'유부꼬김',18,NULL,NULL,'093d2d63-4fca-4d22-8f06-6cd1e4bd7edf',400,1),(21,NULL,2,'유부꼬김',18,NULL,NULL,'f11df39d-35f6-4ef6-8039-231fd83cf1a4',400,1),(22,NULL,2,'유부꼬김',18,NULL,NULL,'e368dd27-fbf2-4f67-9803-f1574c200c7f',400,1),(23,NULL,2,'유부꼬김',18,NULL,NULL,'8e1680c6-0c07-4cd2-a778-5623a5fd6725',400,2),(24,NULL,4,'피망꼬김',18,NULL,NULL,'6c76ca64-9cc7-4f7d-9659-71caa79a29d6',200,1),(25,NULL,1,'멸치꼬김',18,NULL,NULL,'1ff0e73b-9904-418a-b3d5-8cdfcabbd085',300,3),(26,NULL,3,'당근꼬김',18,NULL,NULL,'dbbca36a-d7de-4dbd-84f9-97b3b11bb35b',500,1),(27,NULL,3,'당근꼬김',18,NULL,NULL,'d160ddf1-fbe9-4c55-8449-336800f740d0',500,1),(28,NULL,1,'멸치꼬김',18,NULL,NULL,'f1c5f395-c71f-4a40-96f6-e1fd21247918',300,1),(29,NULL,3,'당근꼬김',18,NULL,NULL,'4a8f4c13-cb4c-4f99-99f8-25e94afeb980',500,1),(30,'imp_510380788242',3,'당근꼬김',18,'SUCCESS',NULL,'9297d2dc-e6a8-4c7f-90e1-339fc42d5d4c',500,1),(31,'imp_847421964085',1,'멸치꼬김',18,'SUCCESS',NULL,'fe13e9a2-18e1-4235-830d-71d1742d7bd9',300,1);
/*!40000 ALTER TABLE `Orders` ENABLE KEYS */;
UNLOCK TABLES;

--
-- Table structure for table `Payment`
--

DROP TABLE IF EXISTS `Payment`;
/*!40101 SET @saved_cs_client     = @@character_set_client */;
/*!50503 SET character_set_client = utf8mb4 */;
CREATE TABLE `Payment` (
  `payment_id` int NOT NULL AUTO_INCREMENT,
  `amount` int NOT NULL,
  `cancelPrice` int NOT NULL,
  `impUid` varchar(255) DEFAULT NULL,
  `itemName` varchar(255) DEFAULT NULL,
  `orderUid` varchar(255) DEFAULT NULL,
  `status` varchar(255) DEFAULT NULL,
  PRIMARY KEY (`payment_id`)
) ENGINE=InnoDB AUTO_INCREMENT=9 DEFAULT CHARSET=utf8mb4 COLLATE=utf8mb4_0900_ai_ci;
/*!40101 SET character_set_client = @saved_cs_client */;

--
-- Dumping data for table `Payment`
--

LOCK TABLES `Payment` WRITE;
/*!40000 ALTER TABLE `Payment` DISABLE KEYS */;
INSERT INTO `Payment` VALUES (1,300,0,'imp_381171650032','참치김밥','ac88940a-8b9b-4e5b-95f8-6782f970bb65','PAID'),(2,300,0,'imp_985493973050','김치볶음밥','0edeb132-784b-45ff-9df2-7fc203cf924c','PAID'),(3,300,0,'imp_324440879693','김치볶음밥','3ba713cd-243d-4eac-b916-ea43f2150110','PAID'),(4,300,0,'imp_909834437577','카레라이스','126df38f-a355-4033-835d-88d89de59e91','PAID'),(5,300,0,'imp_490623316033','소고기버섯비빔밥','26e28cc1-d403-487c-b36c-56b905dc1056','PAID'),(6,100,0,'imp_914540169997','김치라면','e8f3079a-1f30-48eb-99b8-194ca678d748','PAID'),(7,500,0,'imp_510380788242','당근꼬김','9297d2dc-e6a8-4c7f-90e1-339fc42d5d4c','PAID'),(8,300,0,'imp_847421964085','멸치꼬김','fe13e9a2-18e1-4235-830d-71d1742d7bd9','PAID');
/*!40000 ALTER TABLE `Payment` ENABLE KEYS */;
UNLOCK TABLES;
SET @@SESSION.SQL_LOG_BIN = @MYSQLDUMP_TEMP_LOG_BIN;
/*!40103 SET TIME_ZONE=@OLD_TIME_ZONE */;

/*!40101 SET SQL_MODE=@OLD_SQL_MODE */;
/*!40014 SET FOREIGN_KEY_CHECKS=@OLD_FOREIGN_KEY_CHECKS */;
/*!40014 SET UNIQUE_CHECKS=@OLD_UNIQUE_CHECKS */;
/*!40101 SET CHARACTER_SET_CLIENT=@OLD_CHARACTER_SET_CLIENT */;
/*!40101 SET CHARACTER_SET_RESULTS=@OLD_CHARACTER_SET_RESULTS */;
/*!40101 SET COLLATION_CONNECTION=@OLD_COLLATION_CONNECTION */;
/*!40111 SET SQL_NOTES=@OLD_SQL_NOTES */;

-- Dump completed on 2024-04-04 11:00:27
-- MySQL dump 10.13  Distrib 8.0.34, for Win64 (x86_64)
--
-- Host: socon.ch0qyikg8x7u.ap-northeast-2.rds.amazonaws.com    Database: boongbang_notification
-- ------------------------------------------------------
-- Server version	8.0.33

/*!40101 SET @OLD_CHARACTER_SET_CLIENT=@@CHARACTER_SET_CLIENT */;
/*!40101 SET @OLD_CHARACTER_SET_RESULTS=@@CHARACTER_SET_RESULTS */;
/*!40101 SET @OLD_COLLATION_CONNECTION=@@COLLATION_CONNECTION */;
/*!50503 SET NAMES utf8 */;
/*!40103 SET @OLD_TIME_ZONE=@@TIME_ZONE */;
/*!40103 SET TIME_ZONE='+00:00' */;
/*!40014 SET @OLD_UNIQUE_CHECKS=@@UNIQUE_CHECKS, UNIQUE_CHECKS=0 */;
/*!40014 SET @OLD_FOREIGN_KEY_CHECKS=@@FOREIGN_KEY_CHECKS, FOREIGN_KEY_CHECKS=0 */;
/*!40101 SET @OLD_SQL_MODE=@@SQL_MODE, SQL_MODE='NO_AUTO_VALUE_ON_ZERO' */;
/*!40111 SET @OLD_SQL_NOTES=@@SQL_NOTES, SQL_NOTES=0 */;
SET @MYSQLDUMP_TEMP_LOG_BIN = @@SESSION.SQL_LOG_BIN;
SET @@SESSION.SQL_LOG_BIN= 0;

--
-- GTID state at the beginning of the backup 
--

SET @@GLOBAL.GTID_PURGED=/*!80000 '+'*/ '';

--
-- Table structure for table `device_token`
--

DROP TABLE IF EXISTS `device_token`;
/*!40101 SET @saved_cs_client     = @@character_set_client */;
/*!50503 SET character_set_client = utf8mb4 */;
CREATE TABLE `device_token` (
  `device_id` int NOT NULL AUTO_INCREMENT,
  `device_token` varchar(256) DEFAULT NULL,
  `deviceType` enum('MOBILE','WATCH') DEFAULT NULL,
  `member_id` int NOT NULL,
  `status` enum('ACTIVE','INACTIVE') DEFAULT NULL,
  PRIMARY KEY (`device_id`),
  UNIQUE KEY `UK_91bpgcuwxijooaiitx6rsj73b` (`device_token`),
  KEY `IDXdehw0hpk1obt7wbwoclyjq3hc` (`member_id`)
) ENGINE=InnoDB AUTO_INCREMENT=278 DEFAULT CHARSET=utf8mb4 COLLATE=utf8mb4_0900_ai_ci;
/*!40101 SET character_set_client = @saved_cs_client */;

--
-- Dumping data for table `device_token`
--

LOCK TABLES `device_token` WRITE;
/*!40000 ALTER TABLE `device_token` DISABLE KEYS */;
INSERT INTO `device_token` VALUES (1,'c_o2CRZHQ0exEXedQsSABl:APA91bGFXuk5cuRG5Ov8xh3q-awERhNgdhyW0gJ8XNhwOeeehoT6GpML4KFRB0__yO7RKVkA90zJJGwjiQpghg08lE-MPxC5-m5rJmnKLhdlmKZRrQHQOKKOmUb7Fc1mZ7c8NzPn6Mdn','MOBILE',27,'ACTIVE'),(20,NULL,'MOBILE',4,'ACTIVE'),(21,NULL,'MOBILE',18,'ACTIVE'),(23,NULL,'MOBILE',22,'ACTIVE'),(24,NULL,'MOBILE',22,'ACTIVE'),(26,NULL,'MOBILE',22,'ACTIVE'),(29,NULL,'MOBILE',27,'ACTIVE'),(30,NULL,'MOBILE',4,'ACTIVE'),(38,NULL,'MOBILE',22,'ACTIVE'),(39,NULL,'MOBILE',22,'ACTIVE'),(40,NULL,'MOBILE',18,'ACTIVE'),(43,'dJ3yhB5kTUGDxUuXq9aqPS:APA91bGFvJWYkqbB5HqRd8gWaCi_GYUg-NerEBR2-04kH-LVBSzBgFpWTw8UBglcuSw8UQTQ3ChVsnfVvBUjzxXWYu06OwUbUC8fmaS0vdSoVbCxqmZFl6_6qWHDE2QXXbxHIYqp3MVo','MOBILE',4,'ACTIVE'),(49,'cJRJeO0zR2WhM-vfwmuwtx:APA91bESkSCNVQcsfSscMVF-FyQeENVkq5_IKuVXANCvHdhRJYhGBOLK__Xy1b5QJ2_PsckzBdEcL7lPIlt2DFS6iGRzR1outVlItcrlSjRlWuZ9RNjHLn5J2ye0zZR_Dhn8Z27PpgZt','MOBILE',18,'ACTIVE'),(125,'c4ClVvB_QVmRAjRmxA3fI2:APA91bFRTGM-CtBslC_qWNIh54-d86JHP2e1EFip_bIwffES4vH4Jwn_VzQMy_k5j8t0wYXMTpw_Np1L1XWGrxPH8RKsLmPXsiuaxlYOYS07iq9qcTha3DYtlFlKhfoaIWNmHlz1gwds','MOBILE',17,'ACTIVE'),(146,NULL,'MOBILE',4,'ACTIVE'),(157,NULL,'MOBILE',22,'ACTIVE'),(165,'ehjqzwNAQvicol68md-uxD:APA91bGvFmc8JbZpv5q0lCfPE0gADtTEnHzMvWwmvaDWXvaVC0NmJZo3GkJLbN9TImeyXQJTjl83vPvr4eh26-WQKKOlN4ILnxGXgX4IaNpemeXbWEDs8Y2V8ZVQm7HDl44SK-Hota1_','MOBILE',18,'ACTIVE'),(180,'dhTHE68LQTabYn0I30yky0:APA91bG25IWQPfTws-crdPtgMJ2XCfQWMxsDgRqfVzaGWe0n8uuyJx83K4qVLimWvNmtaHcbf811fKfvX52eH0Q2EQpVkiUjr3LBfjRHaMu_DDkoWXSnaGi1HmYNmuQ-bwff6tnzYeeH','MOBILE',18,'ACTIVE'),(181,'cffYJxGrRDSMMpwoAmIoLD:APA91bEFe2RqKRc45thh7bgONvVYRPg86nmI9fSh2eoKYhsx2Ccyu1QzD7GnW79eaRcC22Nsd22lTAhZ8j_wwprCqgFNqWnRzGIVb8pPCAtBqrPlZ-9ODo6a5A-WJJ_QzNH4DWwiGACl','MOBILE',17,'ACTIVE'),(232,NULL,'MOBILE',17,'ACTIVE'),(233,'c--AJyyiS6GClw2fL5AJ4C:APA91bELyZ0vcn26CFOFsQ9tBkMLIvG4O7tpVmWtuiF7mbozpK9URBUBasy9VMlMUwV2cSLFaq_A3pbykqLL265bdm3NAKde7jkuReLCumq-ehl9tZWt3r7JomAjAsziF2pxQTLq2Zwd','MOBILE',18,'ACTIVE'),(236,NULL,'MOBILE',18,'ACTIVE'),(243,'epafEWglSHOL6crg4vhZrA:APA91bFeInqLVVwlcHrtnOMpaWCCU-pJgzkdwYV3AJjRnop2jy47d_RJ3etp6dDDnX9mcmY_qn3gEBk4elc_ReaxrF8K0Upg-WXdOcshV1mjLQ8ivK8Xw59zr6xufYV1_bk6aK-cuTOc','MOBILE',17,'ACTIVE'),(245,'dGlGzEmpT-OivbdPktDCix:APA91bHtSiCpNeA1um1uSXffeVm5imAyYQ_73dsb3jLZghkNJi3pNB1WmUBO71eVIYzlGhhnAzm-ND3HE6meiS_CNwukw5vGz3mzCGKmjRJFuF_sfYR4cR9WyaU2o61Z4AvF9zAjGkQW','MOBILE',17,'ACTIVE'),(255,'d3pgWc9DQ1a_syxH40RWpy:APA91bGB08PtFFeyDP5UZtIIcLwc31m_0Bl1WGnw5CMAD9PLvs1PB6yQ1d-IOOx3iWDn57nV5JV2wcOp8xACKm-yZ8bTtniFMToNVc6HMOpkOGNHbq-infUIbl9lDh-vJejR9V31RFBE','MOBILE',18,'ACTIVE'),(256,'fbgS8SohRbOoFAKuVmAJIz:APA91bGUOmJWBWF2EEyfkmSBGETQ44VEtYqQmKRycF-70qFhNXuyDm-fnC4uQFyJmh63MHO-L7C6-g4IpjBc2q0ECOXVqktXV4jxY6yfrna_FmI-OM3LLps2jd7pV3vshQqhG5singEr','MOBILE',17,'ACTIVE'),(259,NULL,'MOBILE',21,'ACTIVE'),(260,'cCvbq3HzQp2lbFxeboDfQp:APA91bF6jPBDMVyhHoAYzD3VannT_ebJOYkClEELW2xH18bA2hd4mJ7EaHqe17E4UBI0KZGtbiWoj26MV6ZjOiEZ9SRVUUd1R9fAypSxkfC3USnsTO6MxDircwReqXHsqvKIdWAU0PDq','MOBILE',17,'ACTIVE'),(263,'dA7oYAcsRruRB5D3WLyVPJ:APA91bFSP9eCtGOFynj4ossG2eTMR8g9harsXFtWNF19gErXPwZZQvR8xc8jroQfdRQsVEku8qGj_oc3WGrt8vyW0A6l5AfoxA6aDhWULkIE8W3nqDlOQsGybRpZoxrzQnH-z0H2hgyi','MOBILE',46,'ACTIVE'),(267,NULL,'MOBILE',18,'ACTIVE'),(269,NULL,'MOBILE',18,'ACTIVE'),(272,NULL,'MOBILE',18,'ACTIVE'),(275,'cyTELGqmR4aN9MyAUaAee2:APA91bFqJlmyadwCiphP7fsuLm-8Zd_Bs_h6i1GD6uRXCWaefCsLlm7f4SEj0_btozU9AMmX-5MFiikr7gRCzADR-JUzezf4CruoiiEtQVrDq4jOz2Ev4pC6au-e1bI5xif7Q2zuHRzP','MOBILE',18,'ACTIVE');
/*!40000 ALTER TABLE `device_token` ENABLE KEYS */;
UNLOCK TABLES;
SET @@SESSION.SQL_LOG_BIN = @MYSQLDUMP_TEMP_LOG_BIN;
/*!40103 SET TIME_ZONE=@OLD_TIME_ZONE */;

/*!40101 SET SQL_MODE=@OLD_SQL_MODE */;
/*!40014 SET FOREIGN_KEY_CHECKS=@OLD_FOREIGN_KEY_CHECKS */;
/*!40014 SET UNIQUE_CHECKS=@OLD_UNIQUE_CHECKS */;
/*!40101 SET CHARACTER_SET_CLIENT=@OLD_CHARACTER_SET_CLIENT */;
/*!40101 SET CHARACTER_SET_RESULTS=@OLD_CHARACTER_SET_RESULTS */;
/*!40101 SET COLLATION_CONNECTION=@OLD_COLLATION_CONNECTION */;
/*!40111 SET SQL_NOTES=@OLD_SQL_NOTES */;

-- Dump completed on 2024-04-04 11:00:28
-- MySQL dump 10.13  Distrib 8.0.34, for Win64 (x86_64)
--
-- Host: socon.ch0qyikg8x7u.ap-northeast-2.rds.amazonaws.com    Database: boongbang_gateway
-- ------------------------------------------------------
-- Server version	8.0.33

/*!40101 SET @OLD_CHARACTER_SET_CLIENT=@@CHARACTER_SET_CLIENT */;
/*!40101 SET @OLD_CHARACTER_SET_RESULTS=@@CHARACTER_SET_RESULTS */;
/*!40101 SET @OLD_COLLATION_CONNECTION=@@COLLATION_CONNECTION */;
/*!50503 SET NAMES utf8 */;
/*!40103 SET @OLD_TIME_ZONE=@@TIME_ZONE */;
/*!40103 SET TIME_ZONE='+00:00' */;
/*!40014 SET @OLD_UNIQUE_CHECKS=@@UNIQUE_CHECKS, UNIQUE_CHECKS=0 */;
/*!40014 SET @OLD_FOREIGN_KEY_CHECKS=@@FOREIGN_KEY_CHECKS, FOREIGN_KEY_CHECKS=0 */;
/*!40101 SET @OLD_SQL_MODE=@@SQL_MODE, SQL_MODE='NO_AUTO_VALUE_ON_ZERO' */;
/*!40111 SET @OLD_SQL_NOTES=@@SQL_NOTES, SQL_NOTES=0 */;
SET @MYSQLDUMP_TEMP_LOG_BIN = @@SESSION.SQL_LOG_BIN;
SET @@SESSION.SQL_LOG_BIN= 0;

--
-- GTID state at the beginning of the backup 
--

SET @@GLOBAL.GTID_PURGED=/*!80000 '+'*/ '';
SET @@SESSION.SQL_LOG_BIN = @MYSQLDUMP_TEMP_LOG_BIN;
/*!40103 SET TIME_ZONE=@OLD_TIME_ZONE */;

/*!40101 SET SQL_MODE=@OLD_SQL_MODE */;
/*!40014 SET FOREIGN_KEY_CHECKS=@OLD_FOREIGN_KEY_CHECKS */;
/*!40014 SET UNIQUE_CHECKS=@OLD_UNIQUE_CHECKS */;
/*!40101 SET CHARACTER_SET_CLIENT=@OLD_CHARACTER_SET_CLIENT */;
/*!40101 SET CHARACTER_SET_RESULTS=@OLD_CHARACTER_SET_RESULTS */;
/*!40101 SET COLLATION_CONNECTION=@OLD_COLLATION_CONNECTION */;
/*!40111 SET SQL_NOTES=@OLD_SQL_NOTES */;

-- Dump completed on 2024-04-04 11:00:28
